car_ID,symboling,CarName,wheelbase,carlength,carwidth,carheight,curbweight,enginesize,boreratio,stroke,compressionratio,horsepower,peakrpm,citympg,highwaympg,price,CarBrand_alfa-romero,CarBrand_audi,CarBrand_bmw,CarBrand_buick,CarBrand_chevrolet,CarBrand_dodge,CarBrand_honda,CarBrand_isuzu,CarBrand_jaguar,CarBrand_mazda,CarBrand_mercury,CarBrand_mitsubishi,CarBrand_nissan,CarBrand_peugeot,CarBrand_plymouth,CarBrand_porcshce,CarBrand_porsche,CarBrand_renault,CarBrand_saab,CarBrand_subaru,CarBrand_toyota,CarBrand_toyouta,CarBrand_volkswagen,CarBrand_volvo,CarBrand_vw,fueltype_diesel,fueltype_gas,aspiration_std,aspiration_turbo,doornumber_four,doornumber_two,carbody_convertible,carbody_hardtop,carbody_hatchback,carbody_sedan,carbody_wagon,drivewheel_4wd,drivewheel_fwd,drivewheel_rwd,enginelocation_front,enginelocation_rear,enginetype_dohc,enginetype_dohcv,enginetype_l,enginetype_ohc,enginetype_ohcf,enginetype_ohcv,enginetype_rotor,cylindernumber_eight,cylindernumber_five,cylindernumber_four,cylindernumber_six,cylindernumber_three,cylindernumber_twelve,cylindernumber_two,fuelsystem_1bbl,fuelsystem_2bbl,fuelsystem_4bbl,fuelsystem_idi,fuelsystem_mfi,fuelsystem_mpfi,fuelsystem_spdi,fuelsystem_spfi,cluster
4,0.8,audi 100 ls,0.4551724137931034,0.5298507462686568,0.4916666666666671,0.5416666666666665,0.3293250581846392,0.2774566473988439,0.4642857142857142,0.5745856353591161,0.1999999999999999,0.339622641509434,0.7297297297297294,0.4399999999999999,0.4117647058823529,0.2767784393607019,0,1,0,0,0,0,0,0,0,0,0,0,0,0,0,0,0,0,0,0,0,0,0,0,0,0,1,1,0,1,0,0,0,0,1,0,0,1,0,1,0,0,0,0,1,0,0,0,0,0,1,0,0,0,0,0,0,0,0,0,1,0,0,0
11,0.8,bmw 320i,0.5034482758620689,0.5328358208955226,0.375,0.5416666666666665,0.351823118696664,0.2716763005780347,0.6857142857142857,0.2430939226519337,0.12,0.3333333333333333,0.8918918918918917,0.4,0.3823529411764705,0.3544970228768411,0,0,1,0,0,0,0,0,0,0,0,0,0,0,0,0,0,0,0,0,0,0,0,0,0,0,1,1,0,0,1,0,0,0,1,0,0,0,1,1,0,0,0,0,1,0,0,0,0,0,1,0,0,0,0,0,0,0,0,0,1,0,0,0
12,0.4,bmw 320i,0.5034482758620689,0.5328358208955226,0.375,0.5416666666666665,0.351823118696664,0.2716763005780347,0.6857142857142857,0.2430939226519337,0.12,0.3333333333333333,0.8918918918918917,0.4,0.3823529411764705,0.3700094014415543,0,0,1,0,0,0,0,0,0,0,0,0,0,0,0,0,0,0,0,0,0,0,0,0,0,0,1,1,0,1,0,0,0,0,1,0,0,0,1,1,0,0,0,0,1,0,0,0,0,0,1,0,0,0,0,0,0,0,0,0,1,0,0,0
20,0.6000000000000001,chevrolet monte carlo,0.272413793103448,0.2208955223880599,0.2750000000000003,0.3500000000000001,0.1497284716834755,0.1676300578034681,0.3499999999999998,0.4143646408839778,0.1733333333333333,0.1383647798742138,0.6756756756756754,1.0,0.7941176470588235,0.0368849890316515,0,0,0,0,1,0,0,0,0,0,0,0,0,0,0,0,0,0,0,0,0,0,0,0,0,0,1,1,0,0,1,0,0,1,0,0,0,1,0,1,0,0,0,0,1,0,0,0,0,0,1,0,0,0,0,0,1,0,0,0,0,0,0,0
21,0.4,chevrolet vega 2300,0.272413793103448,0.2641791044776123,0.2750000000000003,0.3500000000000001,0.1633048875096974,0.1676300578034681,0.3499999999999998,0.4143646408839778,0.1733333333333333,0.1383647798742138,0.6756756756756754,1.0,0.7941176470588235,0.0456596678157317,0,0,0,0,1,0,0,0,0,0,0,0,0,0,0,0,0,0,0,0,0,0,0,0,0,0,1,1,0,1,0,0,0,0,1,0,0,1,0,1,0,0,0,0,1,0,0,0,0,0,1,0,0,0,0,0,1,0,0,0,0,0,0,0
22,0.6000000000000001,dodge rampage,0.2448275862068967,0.2417910447761198,0.2916666666666669,0.2499999999999995,0.1505042668735453,0.1676300578034681,0.3071428571428571,0.4806629834254143,0.1606666666666666,0.1257861635220125,0.7297297297297294,0.96,0.7352941176470588,0.0142275148856158,0,0,0,0,0,1,0,0,0,0,0,0,0,0,0,0,0,0,0,0,0,0,0,0,0,0,1,1,0,0,1,0,0,1,0,0,0,1,0,1,0,0,0,0,1,0,0,0,0,0,1,0,0,0,0,0,1,0,0,0,0,0,0,0
23,0.6000000000000001,dodge challenger se,0.2448275862068967,0.2417910447761198,0.2916666666666669,0.2499999999999995,0.1505042668735453,0.1676300578034681,0.3071428571428571,0.4806629834254143,0.16,0.1257861635220125,0.7297297297297294,0.72,0.6470588235294118,0.0394547163898464,0,0,0,0,0,1,0,0,0,0,0,0,0,0,0,0,0,0,0,0,0,0,0,0,0,0,1,1,0,0,1,0,0,1,0,0,0,1,0,1,0,0,0,0,1,0,0,0,0,0,1,0,0,0,0,0,1,0,0,0,0,0,0,0
25,0.6000000000000001,dodge monaco (sw),0.2448275862068967,0.2417910447761198,0.2916666666666669,0.2333333333333338,0.1858029480217222,0.1676300578034681,0.3071428571428571,0.4806629834254143,0.16,0.1257861635220125,0.7297297297297294,0.72,0.6470588235294118,0.0348166718896897,0,0,0,0,0,1,0,0,0,0,0,0,0,0,0,0,0,0,0,0,0,0,0,0,0,0,1,1,0,1,0,0,0,1,0,0,0,1,0,1,0,0,0,0,1,0,0,0,0,0,1,0,0,0,0,0,1,0,0,0,0,0,0,0
26,0.6000000000000001,dodge colt hardtop,0.2448275862068967,0.2417910447761198,0.2916666666666669,0.2333333333333338,0.1943366951124903,0.1676300578034681,0.3071428571428571,0.4806629834254143,0.16,0.1257861635220125,0.7297297297297294,0.72,0.6470588235294118,0.0493262300219367,0,0,0,0,0,1,0,0,0,0,0,0,0,0,0,0,0,0,0,0,0,0,0,0,0,0,1,1,0,1,0,0,0,0,1,0,0,1,0,1,0,0,0,0,1,0,0,0,0,0,1,0,0,0,0,0,1,0,0,0,0,0,0,0
27,0.6000000000000001,dodge colt (sw),0.2448275862068967,0.2417910447761198,0.2916666666666669,0.2333333333333338,0.1943366951124903,0.1676300578034681,0.3071428571428571,0.4806629834254143,0.16,0.1257861635220125,0.7297297297297294,0.72,0.6470588235294118,0.0780633030397994,0,0,0,0,0,1,0,0,0,0,0,0,0,0,0,0,0,0,0,0,0,0,0,0,0,0,1,1,0,1,0,0,0,0,1,0,0,1,0,1,0,0,0,0,1,0,0,0,0,0,1,0,0,0,0,0,1,0,0,0,0,0,0,0
29,0.2,dodge dart custom,0.5758620689655172,0.5,0.3583333333333334,0.9999999999999996,0.4061287820015515,0.3526011560693641,0.5714285714285714,0.6077348066298343,0.0999999999999999,0.2515723270440251,0.4594594594594592,0.4399999999999999,0.4117647058823529,0.1191789407709182,0,0,0,0,0,1,0,0,0,0,0,0,0,0,0,0,0,0,0,0,0,0,0,0,0,0,1,1,0,1,0,0,0,0,0,1,0,1,0,1,0,0,0,0,1,0,0,0,0,0,1,0,0,0,0,0,1,0,0,0,0,0,0,0
31,0.8,honda civic,0.0,0.0522388059701492,0.2999999999999998,0.2499999999999995,0.0872769588828549,0.1791907514450866,0.2642857142857144,0.5801104972375692,0.1733333333333333,0.0628930817610062,0.3513513513513513,0.4399999999999999,0.4117647058823529,0.0426512065183328,0,0,0,0,0,0,1,0,0,0,0,0,0,0,0,0,0,0,0,0,0,0,0,0,0,0,1,1,0,0,1,0,0,1,0,0,0,1,0,1,0,0,0,0,1,0,0,0,0,0,1,0,0,0,0,1,0,0,0,0,0,0,0,0
32,0.8,honda civic cvcc,0.0,0.0522388059701492,0.2999999999999998,0.2499999999999995,0.1283941039565554,0.1791907514450866,0.2642857142857144,0.5801104972375692,0.1466666666666666,0.1761006289308175,1.0,0.72,0.6470588235294118,0.0544343465998119,0,0,0,0,0,0,1,0,0,0,0,0,0,0,0,0,0,0,0,0,0,0,0,0,0,0,1,1,0,0,1,0,0,1,0,0,0,1,0,1,0,0,0,0,1,0,0,0,0,0,1,0,0,0,0,1,0,0,0,0,0,0,0,0
33,0.6000000000000001,honda civic,0.2448275862068967,0.1328358208955222,0.3083333333333335,0.3999999999999999,0.1353762606671839,0.1040462427745664,0.2642857142857144,0.3922651933701657,0.2066666666666666,0.0754716981132075,0.7297297297297294,1.0,0.7647058823529412,0.0088060169225948,0,0,0,0,0,0,1,0,0,0,0,0,0,0,0,0,0,0,0,0,0,0,0,0,0,0,1,1,0,0,1,0,0,1,0,0,0,1,0,1,0,0,0,0,1,0,0,0,0,0,1,0,0,0,0,1,0,0,0,0,0,0,0,0
34,0.6000000000000001,honda accord cvcc,0.2448275862068967,0.1328358208955222,0.3083333333333335,0.3999999999999999,0.1753297129557797,0.1791907514450866,0.2642857142857144,0.5801104972375692,0.1466666666666666,0.1761006289308175,1.0,0.6799999999999999,0.5294117647058824,0.0442181134440614,0,0,0,0,0,0,1,0,0,0,0,0,0,0,0,0,0,0,0,0,0,0,0,0,0,0,1,1,0,0,1,0,0,1,0,0,0,1,0,1,0,0,0,0,1,0,0,0,0,0,1,0,0,0,0,1,0,0,0,0,0,0,0,0
35,0.6000000000000001,honda civic cvcc,0.2448275862068967,0.1328358208955222,0.3083333333333335,0.3999999999999999,0.1815360744763382,0.1791907514450866,0.2642857142857144,0.5801104972375692,0.1466666666666666,0.1761006289308175,1.0,0.6799999999999999,0.5294117647058824,0.0630209965528047,0,0,0,0,0,0,1,0,0,0,0,0,0,0,0,0,0,0,0,0,0,0,0,0,0,0,1,1,0,0,1,0,0,1,0,0,0,1,0,1,0,0,0,0,1,0,0,0,0,0,1,0,0,0,0,1,0,0,0,0,0,0,0,0
36,0.4,honda accord lx,0.3413793103448275,0.3328358208955224,0.3083333333333335,0.5583333333333331,0.2024825446082234,0.1791907514450866,0.2642857142857144,0.5801104972375692,0.1466666666666666,0.1761006289308175,1.0,0.6799999999999999,0.5294117647058824,0.0682231275462237,0,0,0,0,0,0,1,0,0,0,0,0,0,0,0,0,0,0,0,0,0,0,0,0,0,0,1,1,0,1,0,0,0,0,1,0,0,1,0,1,0,0,0,0,1,0,0,0,0,0,1,0,0,0,0,1,0,0,0,0,0,0,0,0
37,0.4,honda civic 1500 gl,0.3413793103448275,0.2388059701492535,0.2999999999999998,0.8749999999999996,0.2079131109387121,0.1791907514450866,0.2714285714285716,0.5801104972375692,0.1466666666666666,0.1761006289308175,1.0,0.6799999999999999,0.5294117647058824,0.0682231275462237,0,0,0,0,0,0,1,0,0,0,0,0,0,0,0,0,0,0,0,0,0,0,0,0,0,0,1,1,0,1,0,0,0,0,0,1,0,1,0,1,0,0,0,0,1,0,0,0,0,0,1,0,0,0,0,1,0,0,0,0,0,0,0,0
38,0.4,honda accord,0.3413793103448275,0.3940298507462687,0.4083333333333341,0.4583333333333335,0.2901474010861132,0.2832369942196532,0.4357142857142857,0.6740331491712708,0.1333333333333333,0.2389937106918238,0.8918918918918917,0.56,0.5,0.0870260106549671,0,0,0,0,0,0,1,0,0,0,0,0,0,0,0,0,0,0,0,0,0,0,0,0,0,0,1,1,0,0,1,0,0,1,0,0,0,1,0,1,0,0,0,0,1,0,0,0,0,0,1,0,0,0,0,1,0,0,0,0,0,0,0,0
39,0.4,honda civic 1300,0.3413793103448275,0.3940298507462687,0.4083333333333341,0.4583333333333335,0.3107059736229635,0.2832369942196532,0.4357142857142857,0.6740331491712708,0.1333333333333333,0.2389937106918238,0.8918918918918917,0.56,0.5,0.1246317768724538,0,0,0,0,0,0,1,0,0,0,0,0,0,0,0,0,0,0,0,0,0,0,0,0,0,0,1,1,0,0,1,0,0,1,0,0,0,1,0,1,0,0,0,0,1,0,0,0,0,0,1,0,0,0,0,1,0,0,0,0,0,0,0,0
40,0.4,honda prelude,0.3413793103448275,0.5119402985074628,0.4083333333333341,0.5249999999999999,0.3165244375484872,0.2832369942196532,0.4357142857142857,0.6740331491712708,0.1333333333333333,0.2389937106918238,0.8918918918918917,0.56,0.5,0.1167972422438107,0,0,0,0,0,0,1,0,0,0,0,0,0,0,0,0,0,0,0,0,0,0,0,0,0,0,1,1,0,1,0,0,0,0,1,0,0,1,0,1,0,0,0,0,1,0,0,0,0,0,1,0,0,0,0,1,0,0,0,0,0,0,0,0
41,0.4,honda accord,0.3413793103448275,0.5119402985074628,0.1833333333333335,0.5249999999999999,0.3429014740108611,0.2832369942196532,0.4357142857142857,0.6740331491712708,0.1333333333333333,0.2389937106918238,0.8918918918918917,0.56,0.5,0.1622375430899404,0,0,0,0,0,0,1,0,0,0,0,0,0,0,0,0,0,0,0,0,0,0,0,0,0,0,1,1,0,1,0,0,0,0,1,0,0,1,0,1,0,0,0,0,1,0,0,0,0,0,1,0,0,0,0,1,0,0,0,0,0,0,0,0
42,0.4,honda civic,0.3413793103448275,0.5119402985074628,0.4083333333333341,0.5249999999999999,0.3789759503491078,0.2832369942196532,0.4357142857142857,0.6740331491712708,0.1333333333333333,0.3333333333333333,0.8918918918918917,0.4399999999999999,0.3529411764705882,0.2452836101535568,0,0,0,0,0,0,1,0,0,0,0,0,0,0,0,0,0,0,0,0,0,0,0,0,0,0,1,1,0,1,0,0,0,0,1,0,0,1,0,1,0,0,0,0,1,0,0,0,0,0,1,0,0,0,0,0,0,0,0,0,1,0,0,0
43,0.6000000000000001,honda civic (auto),0.3413793103448275,0.4179104477611939,0.4750000000000005,0.266666666666667,0.3122575640031032,0.2832369942196532,0.4357142857142857,0.6740331491712708,0.14,0.3270440251572327,0.7297297297297294,0.48,0.4411764705882353,0.163804450015669,0,0,0,0,0,0,1,0,0,0,0,0,0,0,0,0,0,0,0,0,0,0,0,0,0,0,1,1,0,0,1,0,0,0,1,0,0,1,0,1,0,0,0,0,1,0,0,0,0,0,1,0,0,0,0,0,1,0,0,0,0,0,0,0
44,0.4,isuzu MU-X,0.2655172413793103,0.4417910447761191,0.125,0.4750000000000001,0.3293250581846392,0.2890173410404624,0.55,0.4806629834254143,0.0999999999999999,0.1886792452830188,0.3513513513513513,0.4399999999999999,0.3823529411764705,0.0522406769037919,0,0,0,0,0,0,0,1,0,0,0,0,0,0,0,0,0,0,0,0,0,0,0,0,0,0,1,1,0,1,0,0,0,0,1,0,0,0,1,1,0,0,0,0,1,0,0,0,0,0,1,0,0,0,0,0,1,0,0,0,0,0,0,0
45,0.6000000000000001,isuzu D-Max ,0.272413793103448,0.2208955223880599,0.2750000000000003,0.3500000000000001,0.1497284716834755,0.1676300578034681,0.3499999999999998,0.4143646408839778,0.1733333333333333,0.1383647798742138,0.6756756756756754,1.0,0.7941176470588235,0.1190379191476026,0,0,0,0,0,0,0,1,0,0,0,0,0,0,0,0,0,0,0,0,0,0,0,0,0,0,1,1,0,0,1,0,0,0,1,0,0,1,0,1,0,0,0,0,1,0,0,0,0,0,1,0,0,0,0,0,1,0,0,0,0,0,0,0
46,0.4,isuzu D-Max V-Cross,0.272413793103448,0.2208955223880599,0.2750000000000003,0.3500000000000001,0.1633048875096974,0.1676300578034681,0.3499999999999998,0.4143646408839778,0.1733333333333333,0.1383647798742138,0.6756756756756754,1.0,0.7941176470588235,0.1190379191476026,0,0,0,0,0,0,0,1,0,0,0,0,0,0,0,0,0,0,0,0,0,0,0,0,0,0,1,1,0,1,0,0,0,0,1,0,0,1,0,1,0,0,0,0,1,0,0,0,0,0,1,0,0,0,0,0,1,0,0,0,0,0,0,0
51,0.6000000000000001,mazda rx3,0.2241379310344826,0.2686567164179103,0.3250000000000002,0.5249999999999999,0.1559348332040341,0.1734104046242774,0.3499999999999998,0.4364640883977901,0.1333333333333333,0.1257861635220125,0.4594594594594592,0.6799999999999999,0.4411764705882353,0.002413036665622,0,0,0,0,0,0,0,0,0,1,0,0,0,0,0,0,0,0,0,0,0,0,0,0,0,0,1,1,0,0,1,0,0,1,0,0,0,1,0,1,0,0,0,0,1,0,0,0,0,0,1,0,0,0,0,0,1,0,0,0,0,0,0,0
52,0.6000000000000001,mazda glc deluxe,0.2241379310344826,0.2686567164179103,0.3250000000000002,0.5249999999999999,0.1598138091543832,0.1734104046242774,0.3499999999999998,0.4364640883977901,0.1333333333333333,0.1257861635220125,0.4594594594594592,0.72,0.6470588235294118,0.030617361328737,0,0,0,0,0,0,0,0,0,1,0,0,0,0,0,0,0,0,0,0,0,0,0,0,0,0,1,1,0,0,1,0,0,1,0,0,0,1,0,1,0,0,0,0,1,0,0,0,0,0,1,0,0,0,0,0,1,0,0,0,0,0,0,0
53,0.6000000000000001,mazda rx2 coupe,0.2241379310344826,0.2686567164179103,0.3250000000000002,0.5249999999999999,0.1617532971295577,0.1734104046242774,0.3499999999999998,0.4364640883977901,0.1333333333333333,0.1257861635220125,0.4594594594594592,0.72,0.6470588235294118,0.0525540582889376,0,0,0,0,0,0,0,0,0,1,0,0,0,0,0,0,0,0,0,0,0,0,0,0,0,0,1,1,0,0,1,0,0,1,0,0,0,1,0,1,0,0,0,0,1,0,0,0,0,0,1,0,0,0,0,0,1,0,0,0,0,0,0,0
54,0.6000000000000001,mazda rx-4,0.2241379310344826,0.383582089552239,0.3250000000000002,0.5249999999999999,0.1772692009309542,0.1734104046242774,0.3499999999999998,0.4364640883977901,0.1333333333333333,0.1257861635220125,0.4594594594594592,0.72,0.6470588235294118,0.0494202444374804,0,0,0,0,0,0,0,0,0,1,0,0,0,0,0,0,0,0,0,0,0,0,0,0,0,0,1,1,0,1,0,0,0,0,1,0,0,1,0,1,0,0,0,0,1,0,0,0,0,0,1,0,0,0,0,0,1,0,0,0,0,0,0,0
55,0.6000000000000001,mazda glc deluxe,0.2241379310344826,0.383582089552239,0.3250000000000002,0.5249999999999999,0.1792086889061287,0.1734104046242774,0.3857142857142859,0.4364640883977901,0.1333333333333333,0.1257861635220125,0.4594594594594592,0.72,0.6470588235294118,0.0713569413976809,0,0,0,0,0,0,0,0,0,1,0,0,0,0,0,0,0,0,0,0,0,0,0,0,0,0,1,1,0,1,0,0,0,0,1,0,0,1,0,1,0,0,0,0,1,0,0,0,0,0,1,0,0,0,0,0,1,0,0,0,0,0,0,0
60,0.6000000000000001,mazda 626,0.4206896551724135,0.5477611940298508,0.5166666666666666,0.4916666666666667,0.3479441427463149,0.3526011560693641,0.6071428571428574,0.5690607734806632,0.1066666666666665,0.2264150943396226,0.3513513513513513,0.52,0.4705882352941176,0.1167972422438107,0,0,0,0,0,0,0,0,0,1,0,0,0,0,0,0,0,0,0,0,0,0,0,0,0,0,1,1,0,0,1,0,0,1,0,0,0,1,0,1,0,0,0,0,1,0,0,0,0,0,1,0,0,0,0,0,1,0,0,0,0,0,0,0
61,0.4,mazda glc custom l,0.4206896551724135,0.5477611940298508,0.5166666666666666,0.641666666666667,0.3576415826221877,0.3526011560693641,0.6071428571428574,0.5690607734806632,0.1066666666666665,0.2264150943396226,0.3513513513513513,0.52,0.4705882352941176,0.1058288937637104,0,0,0,0,0,0,0,0,0,1,0,0,0,0,0,0,0,0,0,0,0,0,0,0,0,0,1,1,0,1,0,0,0,0,1,0,0,1,0,1,0,0,0,0,1,0,0,0,0,0,1,0,0,0,0,0,1,0,0,0,0,0,0,0
62,0.6000000000000001,mazda glc custom,0.4206896551724135,0.5477611940298508,0.5166666666666666,0.4916666666666667,0.3479441427463149,0.3526011560693641,0.6071428571428574,0.5690607734806632,0.1066666666666665,0.2264150943396226,0.3513513513513513,0.52,0.4705882352941176,0.1716389846443121,0,0,0,0,0,0,0,0,0,1,0,0,0,0,0,0,0,0,0,0,0,0,0,0,0,0,1,1,0,0,1,0,0,1,0,0,0,1,0,1,0,0,0,0,1,0,0,0,0,0,1,0,0,0,0,0,1,0,0,0,0,0,0,0
63,0.4,mazda rx-4,0.4206896551724135,0.5477611940298508,0.5166666666666666,0.641666666666667,0.3576415826221877,0.3526011560693641,0.6071428571428574,0.5690607734806632,0.1066666666666665,0.2264150943396226,0.3513513513513513,0.52,0.4705882352941176,0.1606706361642118,0,0,0,0,0,0,0,0,0,1,0,0,0,0,0,0,0,0,0,0,0,0,0,0,0,0,1,1,0,1,0,0,0,0,1,0,0,1,0,1,0,0,0,0,1,0,0,0,0,0,1,0,0,0,0,0,1,0,0,0,0,0,0,0
64,0.4,mazda glc deluxe,0.4206896551724135,0.5477611940298508,0.5166666666666666,0.641666666666667,0.3704422032583397,0.3526011560693641,0.6071428571428574,0.5690607734806632,0.1333333333333333,0.10062893081761,0.2702702702702702,0.92,0.7647058823529412,0.1779066123472265,0,0,0,0,0,0,0,0,0,1,0,0,0,0,0,0,0,0,0,0,0,0,0,0,0,1,0,1,0,1,0,0,0,0,1,0,0,1,0,1,0,0,0,0,1,0,0,0,0,0,1,0,0,0,0,0,0,0,1,0,0,0,0,0
65,0.4,mazda 626,0.4206896551724135,0.5477611940298508,0.5166666666666666,0.641666666666667,0.3634600465477113,0.3526011560693641,0.6071428571428574,0.5690607734806632,0.1066666666666665,0.2264150943396226,0.3513513513513513,0.52,0.4705882352941176,0.192008774678784,0,0,0,0,0,0,0,0,0,1,0,0,0,0,0,0,0,0,0,0,0,0,0,0,0,0,1,1,0,1,0,0,0,1,0,0,0,1,0,1,0,0,0,0,1,0,0,0,0,0,1,0,0,0,0,0,1,0,0,0,0,0,0,0
66,0.4,mazda glc,0.6310344827586207,0.5059701492537312,0.4833333333333334,0.5500000000000003,0.4584949573312644,0.4566473988439306,0.8714285714285712,0.4419889502762433,0.0666666666666666,0.4528301886792453,0.4594594594594592,0.24,0.3235294117647058,0.4124725791287997,0,0,0,0,0,0,0,0,0,1,0,0,0,0,0,0,0,0,0,0,0,0,0,0,0,0,1,1,0,1,0,0,0,0,1,0,0,0,1,1,0,0,0,0,1,0,0,0,0,0,1,0,0,0,0,0,0,0,0,0,1,0,0,0
67,0.4,mazda rx-7 gs,0.6310344827586207,0.5059701492537312,0.4833333333333334,0.5500000000000003,0.4701318851823119,0.4219653179190751,0.6357142857142859,0.7071823204419891,1.0,0.150943396226415,0.0270270270270267,0.72,0.676470588235294,0.4144782199937323,0,0,0,0,0,0,0,0,0,1,0,0,0,0,0,0,0,0,0,0,0,0,0,0,0,1,0,1,0,1,0,0,0,0,1,0,0,0,1,1,0,0,0,0,1,0,0,0,0,0,1,0,0,0,0,0,0,0,1,0,0,0,0,0
77,0.8,mitsubishi mirage,0.2448275862068967,0.2417910447761198,0.3416666666666677,0.2499999999999995,0.1667959658650116,0.1791907514450866,0.3071428571428571,0.4806629834254143,0.16,0.1257861635220125,0.7297297297297294,0.96,0.7352941176470588,0.008492635537449,0,0,0,0,0,0,0,0,0,0,0,1,0,0,0,0,0,0,0,0,0,0,0,0,0,0,1,1,0,0,1,0,0,1,0,0,0,1,0,1,0,0,0,0,1,0,0,0,0,0,1,0,0,0,0,0,1,0,0,0,0,0,0,0
78,0.8,mitsubishi lancer,0.2448275862068967,0.2417910447761198,0.3416666666666677,0.2499999999999995,0.1768813033359193,0.1791907514450866,0.3071428571428571,0.4806629834254143,0.16,0.1257861635220125,0.7297297297297294,0.72,0.6470588235294118,0.0335631463491068,0,0,0,0,0,0,0,0,0,0,0,1,0,0,0,0,0,0,0,0,0,0,0,0,0,0,1,1,0,0,1,0,0,1,0,0,0,1,0,1,0,0,0,0,1,0,0,0,0,0,1,0,0,0,0,0,1,0,0,0,0,0,0,0
79,0.8,mitsubishi outlander,0.2448275862068967,0.2417910447761198,0.3416666666666677,0.2499999999999995,0.2001551590380139,0.1791907514450866,0.3071428571428571,0.4806629834254143,0.16,0.1257861635220125,0.7297297297297294,0.72,0.6470588235294118,0.0486054528361015,0,0,0,0,0,0,0,0,0,0,0,1,0,0,0,0,0,0,0,0,0,0,0,0,0,0,1,1,0,0,1,0,0,1,0,0,0,1,0,1,0,0,0,0,1,0,0,0,0,0,1,0,0,0,0,0,1,0,0,0,0,0,0,0
82,1.0,mitsubishi g4,0.3344827586206893,0.4761194029850748,0.4250000000000007,0.1333333333333333,0.325833979829325,0.3526011560693641,0.5785714285714285,0.6077348066298343,0.0999999999999999,0.2515723270440251,0.4594594594594592,0.48,0.4705882352941176,0.1059542463177687,0,0,0,0,0,0,0,0,0,0,0,1,0,0,0,0,0,0,0,0,0,0,0,0,0,0,1,1,0,0,1,0,0,1,0,0,0,1,0,1,0,0,0,0,1,0,0,0,0,0,1,0,0,0,0,0,1,0,0,0,0,0,0,0
86,0.6000000000000001,mitsubishi montero,0.3344827586206893,0.4671641791044778,0.4250000000000007,0.3166666666666669,0.3401861908456167,0.3526011560693641,0.5785714285714285,0.6077348066298343,0.0999999999999999,0.2515723270440251,0.4594594594594592,0.48,0.4705882352941176,0.0586336571607646,0,0,0,0,0,0,0,0,0,0,0,1,0,0,0,0,0,0,0,0,0,0,0,0,0,0,1,1,0,1,0,0,0,0,1,0,0,1,0,1,0,0,0,0,1,0,0,0,0,0,1,0,0,0,0,0,1,0,0,0,0,0,0,0
87,0.6000000000000001,mitsubishi pajero,0.3344827586206893,0.4671641791044778,0.4250000000000007,0.3166666666666669,0.3557020946470132,0.3526011560693641,0.5785714285714285,0.6077348066298343,0.0999999999999999,0.2515723270440251,0.4594594594594592,0.48,0.4705882352941176,0.0962394233782513,0,0,0,0,0,0,0,0,0,0,0,1,0,0,0,0,0,0,0,0,0,0,0,0,0,0,1,1,0,1,0,0,0,0,1,0,0,1,0,1,0,0,0,0,1,0,0,0,0,0,1,0,0,0,0,0,1,0,0,0,0,0,0,0
90,0.6000000000000001,Nissan versa,0.272413793103448,0.3611940298507465,0.2916666666666669,0.5583333333333331,0.1555469356089992,0.2080924855491329,0.4357142857142857,0.5138121546961327,0.16,0.1320754716981131,0.5675675675675675,0.72,0.6176470588235293,0.011939830774052,0,0,0,0,0,0,0,0,0,0,0,0,1,0,0,0,0,0,0,0,0,0,0,0,0,0,1,1,0,0,1,0,0,0,1,0,0,1,0,1,0,0,0,0,1,0,0,0,0,0,1,0,0,0,0,0,1,0,0,0,0,0,0,0
91,0.6000000000000001,nissan gt-r,0.272413793103448,0.3611940298507465,0.2916666666666669,0.5583333333333331,0.2051978277734678,0.2427745664739884,0.3214285714285718,0.6132596685082876,0.9933333333333332,0.0440251572327043,0.3513513513513513,0.4399999999999999,1.0,0.0620808523973676,0,0,0,0,0,0,0,0,0,0,0,0,1,0,0,0,0,0,0,0,0,0,0,0,0,1,0,1,0,0,1,0,0,0,1,0,0,1,0,1,0,0,0,0,1,0,0,0,0,0,1,0,0,0,0,0,0,0,1,0,0,0,0,0
92,0.6000000000000001,nissan rogue,0.272413793103448,0.3611940298507465,0.2916666666666669,0.5583333333333331,0.1667959658650116,0.2080924855491329,0.4357142857142857,0.5138121546961327,0.16,0.1320754716981131,0.5675675675675675,0.72,0.6176470588235293,0.0479786900658101,0,0,0,0,0,0,0,0,0,0,0,0,1,0,0,0,0,0,0,0,0,0,0,0,0,0,1,1,0,0,1,0,0,0,1,0,0,1,0,1,0,0,0,0,1,0,0,0,0,0,1,0,0,0,0,0,1,0,0,0,0,0,0,0
93,0.6000000000000001,nissan latio,0.272413793103448,0.3611940298507465,0.2916666666666669,0.5583333333333331,0.1745539177657098,0.2080924855491329,0.4357142857142857,0.5138121546961327,0.16,0.1320754716981131,0.5675675675675675,0.72,0.6176470588235293,0.0542463177687245,0,0,0,0,0,0,0,0,0,0,0,0,1,0,0,0,0,0,0,0,0,0,0,0,0,0,1,1,0,1,0,0,0,0,1,0,0,1,0,1,0,0,0,0,1,0,0,0,0,0,1,0,0,0,0,0,1,0,0,0,0,0,0,0
94,0.6000000000000001,nissan titan,0.272413793103448,0.4343283582089552,0.2916666666666669,0.4750000000000001,0.2079131109387121,0.2080924855491329,0.4357142857142857,0.5138121546961327,0.16,0.1320754716981131,0.5675675675675675,0.72,0.6176470588235293,0.0699153870260106,0,0,0,0,0,0,0,0,0,0,0,0,1,0,0,0,0,0,0,0,0,0,0,0,0,0,1,1,0,1,0,0,0,0,0,1,0,1,0,1,0,0,0,0,1,0,0,0,0,0,1,0,0,0,0,0,1,0,0,0,0,0,0,0
95,0.6000000000000001,nissan leaf,0.272413793103448,0.3611940298507465,0.2916666666666669,0.5583333333333331,0.1795965865011637,0.2080924855491329,0.4357142857142857,0.5138121546961327,0.16,0.1320754716981131,0.5675675675675675,0.72,0.6176470588235293,0.068348480100282,0,0,0,0,0,0,0,0,0,0,0,0,1,0,0,0,0,0,0,0,0,0,0,0,0,0,1,1,0,0,1,0,0,0,1,0,0,1,0,1,0,0,0,0,1,0,0,0,0,0,1,0,0,0,0,0,1,0,0,0,0,0,0,0
96,0.6000000000000001,nissan juke,0.272413793103448,0.3656716417910446,0.2916666666666669,0.4583333333333335,0.2094647013188518,0.2080924855491329,0.4357142857142857,0.5138121546961327,0.16,0.1320754716981131,0.5675675675675675,0.72,0.6176470588235293,0.0840175493575681,0,0,0,0,0,0,0,0,0,0,0,0,1,0,0,0,0,0,0,0,0,0,0,0,0,0,1,1,0,0,1,0,0,1,0,0,0,1,0,1,0,0,0,0,1,0,0,0,0,0,1,0,0,0,0,0,1,0,0,0,0,0,0,0
97,0.6000000000000001,nissan latio,0.272413793103448,0.3611940298507465,0.2916666666666669,0.5583333333333331,0.1873545384018619,0.2080924855491329,0.4357142857142857,0.5138121546961327,0.16,0.1320754716981131,0.5675675675675675,0.72,0.6176470588235293,0.0746161078031965,0,0,0,0,0,0,0,0,0,0,0,0,1,0,0,0,0,0,0,0,0,0,0,0,0,0,1,1,0,1,0,0,0,0,1,0,0,1,0,1,0,0,0,0,1,0,0,0,0,0,1,0,0,0,0,0,1,0,0,0,0,0,0,0
98,0.6000000000000001,nissan note,0.272413793103448,0.4343283582089552,0.2916666666666669,0.4750000000000001,0.212955779674166,0.2080924855491329,0.4357142857142857,0.5138121546961327,0.16,0.1320754716981131,0.5675675675675675,0.72,0.6176470588235293,0.0902851770604826,0,0,0,0,0,0,0,0,0,0,0,0,1,0,0,0,0,0,0,0,0,0,0,0,0,0,1,1,0,1,0,0,0,0,0,1,0,1,0,1,0,0,0,0,1,0,0,0,0,0,1,0,0,0,0,0,1,0,0,0,0,0,0,0
100,0.4,nissan rogue,0.3655172413793104,0.482089552238806,0.4083333333333341,0.5750000000000006,0.3242823894491854,0.3410404624277456,0.5642857142857143,0.6132596685082876,0.0999999999999999,0.3081761006289308,0.5675675675675675,0.56,0.5294117647058824,0.1200564086493262,0,0,0,0,0,0,0,0,0,0,0,0,1,0,0,0,0,0,0,0,0,0,0,0,0,0,1,1,0,1,0,0,0,1,0,0,0,1,0,1,0,0,0,0,1,0,0,0,0,0,1,0,0,0,0,0,1,0,0,0,0,0,0,0
101,0.4,nissan nv200,0.3655172413793104,0.482089552238806,0.4083333333333341,0.5750000000000006,0.3157486423584174,0.3410404624277456,0.5642857142857143,0.6132596685082876,0.0999999999999999,0.3081761006289308,0.5675675675675675,0.56,0.5294117647058824,0.1388592917580695,0,0,0,0,0,0,0,0,0,0,0,0,1,0,0,0,0,0,0,0,0,0,0,0,0,0,1,1,0,1,0,0,0,0,1,0,0,1,0,1,0,0,0,0,1,0,0,0,0,0,1,0,0,0,0,0,1,0,0,0,0,0,0,0
119,0.6000000000000001,plymouth fury iii,0.2448275862068967,0.2417910447761198,0.2916666666666669,0.2499999999999995,0.1667959658650116,0.1676300578034681,0.3071428571428571,0.4806629834254143,0.16,0.1257861635220125,0.7297297297297294,0.96,0.7352941176470588,0.0142275148856158,0,0,0,0,0,0,0,0,0,0,0,0,0,0,1,0,0,0,0,0,0,0,0,0,0,0,1,1,0,0,1,0,0,1,0,0,0,1,0,1,0,0,0,0,1,0,0,0,0,0,1,0,0,0,0,0,1,0,0,0,0,0,0,0
121,0.6000000000000001,plymouth fury iii,0.2448275862068967,0.2417910447761198,0.2916666666666669,0.2333333333333338,0.1858029480217222,0.1676300578034681,0.3071428571428571,0.4806629834254143,0.16,0.1257861635220125,0.7297297297297294,0.72,0.6470588235294118,0.0348166718896897,0,0,0,0,0,0,0,0,0,0,0,0,0,0,1,0,0,0,0,0,0,0,0,0,0,0,1,1,0,1,0,0,0,1,0,0,0,1,0,1,0,0,0,0,1,0,0,0,0,0,1,0,0,0,0,0,1,0,0,0,0,0,0,0
122,0.6000000000000001,plymouth satellite custom (sw),0.2448275862068967,0.3910447761194033,0.2916666666666669,0.2499999999999995,0.1943366951124903,0.1676300578034681,0.3071428571428571,0.4806629834254143,0.16,0.1257861635220125,0.7297297297297294,0.72,0.6470588235294118,0.0493262300219367,0,0,0,0,0,0,0,0,0,0,0,0,0,0,1,0,0,0,0,0,0,0,0,0,0,0,1,1,0,1,0,0,0,0,1,0,0,1,0,1,0,0,0,0,1,0,0,0,0,0,1,0,0,0,0,0,1,0,0,0,0,0,0,0
123,0.6000000000000001,plymouth fury gran sedan,0.2448275862068967,0.3910447761194033,0.2916666666666669,0.2499999999999995,0.2726920093095423,0.2138728323699421,0.3071428571428571,0.4806629834254143,0.16,0.1257861635220125,0.7297297297297294,0.72,0.6470588235294118,0.0780633030397994,0,0,0,0,0,0,0,0,0,0,0,0,0,0,1,0,0,0,0,0,0,0,0,0,0,0,1,1,0,1,0,0,0,0,1,0,0,1,0,1,0,0,0,0,1,0,0,0,0,0,1,0,0,0,0,0,1,0,0,0,0,0,0,0
124,0.2,plymouth valiant,0.5758620689655172,0.5,0.3583333333333334,0.9999999999999996,0.4061287820015515,0.3526011560693641,0.5785714285714285,0.6077348066298343,0.0999999999999999,0.2515723270440251,0.4594594594594592,0.4399999999999999,0.4117647058823529,0.1191789407709182,0,0,0,0,0,0,0,0,0,0,0,0,0,0,1,0,0,0,0,0,0,0,0,0,0,0,1,1,0,1,0,0,0,0,0,1,0,1,0,1,0,0,0,0,1,0,0,0,0,0,1,0,0,0,0,0,1,0,0,0,0,0,0,0
131,0.4,renault 12tl,0.3275862068965516,0.6029850746268659,0.5166666666666666,0.6166666666666667,0.4231962761830876,0.4104046242774566,0.6571428571428573,0.850828729281768,0.1133333333333332,0.2641509433962263,0.5135135135135136,0.4,0.4411764705882353,0.1308994045753682,0,0,0,0,0,0,0,0,0,0,0,0,0,0,0,0,0,1,0,0,0,0,0,0,0,0,1,1,0,1,0,0,0,0,0,1,0,1,0,1,0,0,0,0,1,0,0,0,0,0,1,0,0,0,0,0,0,0,0,0,1,0,0,0
132,0.8,renault 5 gtl,0.3275862068965516,0.5328358208955226,0.5249999999999995,0.2250000000000001,0.3770364623739333,0.4104046242774566,0.6571428571428573,0.850828729281768,0.1133333333333332,0.2641509433962263,0.5135135135135136,0.4,0.4411764705882353,0.1497022876841116,0,0,0,0,0,0,0,0,0,0,0,0,0,0,0,0,0,1,0,0,0,0,0,0,0,0,1,1,0,0,1,0,0,1,0,0,0,1,0,1,0,0,0,0,1,0,0,0,0,0,1,0,0,0,0,0,0,0,0,0,1,0,0,0
133,1.0,saab 99e,0.4310344827586205,0.6791044776119404,0.5166666666666666,0.6916666666666669,0.4538401861908456,0.3468208092485548,0.7142857142857142,0.3922651933701657,0.154,0.389937106918239,0.5945945945945943,0.3199999999999999,0.3529411764705882,0.2109683484801002,0,0,0,0,0,0,0,0,0,0,0,0,0,0,0,0,0,0,1,0,0,0,0,0,0,0,1,1,0,0,1,0,0,1,0,0,0,1,0,1,0,0,0,0,1,0,0,0,0,0,1,0,0,0,0,0,0,0,0,0,1,0,0,0
134,0.8,saab 99le,0.4310344827586205,0.6791044776119404,0.5166666666666666,0.6916666666666669,0.4681923972071373,0.3468208092485548,0.7142857142857142,0.3922651933701657,0.1533333333333333,0.389937106918239,0.5945945945945943,0.3199999999999999,0.3529411764705882,0.2209965528047633,0,0,0,0,0,0,0,0,0,0,0,0,0,0,0,0,0,0,1,0,0,0,0,0,0,0,1,1,0,1,0,0,0,0,1,0,0,1,0,1,0,0,0,0,1,0,0,0,0,0,1,0,0,0,0,0,0,0,0,0,1,0,0,0
136,0.8,saab 99gle,0.4310344827586205,0.6791044776119404,0.5166666666666666,0.6916666666666669,0.4926299456943366,0.3468208092485548,0.7142857142857142,0.3922651933701657,0.1533333333333333,0.389937106918239,0.5945945945945943,0.3199999999999999,0.3529411764705882,0.3256659354434346,0,0,0,0,0,0,0,0,0,0,0,0,0,0,0,0,0,0,1,0,0,0,0,0,0,0,1,1,0,1,0,0,0,0,1,0,0,1,0,1,0,0,0,0,1,0,0,0,0,0,1,0,0,0,0,0,0,0,0,0,1,0,0,0
151,0.6000000000000001,toyota corona mark ii,0.3137931034482761,0.2626865671641791,0.2750000000000003,0.5583333333333331,0.1927851047323506,0.1791907514450866,0.3642857142857141,0.3701657458563536,0.1333333333333333,0.0880503144654087,0.3513513513513513,0.8800000000000001,0.676470588235294,0.0072077718583516,0,0,0,0,0,0,0,0,0,0,0,0,0,0,0,0,0,0,0,0,1,0,0,0,0,0,1,1,0,0,1,0,0,1,0,0,0,1,0,1,0,0,0,0,1,0,0,0,0,0,1,0,0,0,0,0,1,0,0,0,0,0,0,0
152,0.6000000000000001,toyota corona,0.3137931034482761,0.2626865671641791,0.2750000000000003,0.5583333333333331,0.2141194724592707,0.1791907514450866,0.3642857142857141,0.3701657458563536,0.1333333333333333,0.0880503144654087,0.3513513513513513,0.72,0.6470588235294118,0.0382325289877781,0,0,0,0,0,0,0,0,0,0,0,0,0,0,0,0,0,0,0,0,1,0,0,0,0,0,1,1,0,0,1,0,0,1,0,0,0,1,0,1,0,0,0,0,1,0,0,0,0,0,1,0,0,0,0,0,1,0,0,0,0,0,0,0
153,0.6000000000000001,toyota corolla 1200,0.3137931034482761,0.2626865671641791,0.2750000000000003,0.5583333333333331,0.2044220325833979,0.1791907514450866,0.3642857142857141,0.3701657458563536,0.1333333333333333,0.0880503144654087,0.3513513513513513,0.72,0.6470588235294118,0.0429332497649639,0,0,0,0,0,0,0,0,0,0,0,0,0,0,0,0,0,0,0,0,1,0,0,0,0,0,1,1,0,1,0,0,0,1,0,0,0,1,0,1,0,0,0,0,1,0,0,0,0,0,1,0,0,0,0,0,1,0,0,0,0,0,0,0
154,0.4,toyota corona hardtop,0.3137931034482761,0.4268656716417909,0.2750000000000003,0.9416666666666668,0.3072148952676493,0.1791907514450866,0.3642857142857141,0.3701657458563536,0.1333333333333333,0.0880503144654087,0.3513513513513513,0.72,0.6176470588235293,0.05640864932623,0,0,0,0,0,0,0,0,0,0,0,0,0,0,0,0,0,0,0,0,1,0,0,0,0,0,1,1,0,1,0,0,0,0,0,1,0,1,0,1,0,0,0,0,1,0,0,0,0,0,1,0,0,0,0,0,1,0,0,0,0,0,0,0
155,0.4,toyota corolla 1600 (sw),0.3137931034482761,0.4268656716417909,0.2750000000000003,0.9416666666666668,0.3110938712179985,0.1791907514450866,0.3642857142857141,0.3701657458563536,0.1333333333333333,0.0880503144654087,0.3513513513513513,0.56,0.4705882352941176,0.0871200250705108,0,0,0,0,0,0,0,0,0,0,0,0,0,0,0,0,0,0,0,0,1,0,0,0,0,0,1,1,0,1,0,0,0,0,0,1,1,0,0,1,0,0,0,0,1,0,0,0,0,0,1,0,0,0,0,0,1,0,0,0,0,0,0,0
156,0.4,toyota carina,0.3137931034482761,0.4268656716417909,0.2750000000000003,0.9416666666666668,0.6291698991466252,0.1791907514450866,0.3642857142857141,0.3701657458563536,0.1333333333333333,0.0880503144654087,0.3513513513513513,0.56,0.4705882352941176,0.1146975869633343,0,0,0,0,0,0,0,0,0,0,0,0,0,0,0,0,0,0,0,0,1,0,0,0,0,0,1,1,0,1,0,0,0,0,0,1,1,0,0,1,0,0,0,0,1,0,0,0,0,0,1,0,0,0,0,0,1,0,0,0,0,0,0,0
157,0.4,toyota mark ii,0.3137931034482761,0.3761194029850747,0.3416666666666677,0.4333333333333331,0.2300232738557021,0.2138728323699421,0.4642857142857142,0.3701657458563536,0.1333333333333333,0.1383647798742138,0.3513513513513513,0.6799999999999999,0.6176470588235293,0.0570354120965214,0,0,0,0,0,0,0,0,0,0,0,0,0,0,0,0,0,0,0,0,1,0,0,0,0,0,1,1,0,1,0,0,0,0,1,0,0,1,0,1,0,0,0,0,1,0,0,0,0,0,1,0,0,0,0,0,1,0,0,0,0,0,0,0
158,0.4,toyota corolla 1200,0.3137931034482761,0.3761194029850747,0.3416666666666677,0.4166666666666665,0.2408844065166796,0.2138728323699421,0.4642857142857142,0.3701657458563536,0.1333333333333333,0.1383647798742138,0.3513513513513513,0.6799999999999999,0.6176470588235293,0.0651833281103102,0,0,0,0,0,0,0,0,0,0,0,0,0,0,0,0,0,0,0,0,1,0,0,0,0,0,1,1,0,1,0,0,0,1,0,0,0,1,0,1,0,0,0,0,1,0,0,0,0,0,1,0,0,0,0,0,1,0,0,0,0,0,0,0
159,0.4,toyota corona,0.3137931034482761,0.3761194029850747,0.3416666666666677,0.4333333333333331,0.3052754072924748,0.2832369942196532,0.5214285714285716,0.5469613259668509,0.1333333333333333,0.050314465408805,0.189189189189189,0.8400000000000001,0.5882352941176471,0.0871200250705108,0,0,0,0,0,0,0,0,0,0,0,0,0,0,0,0,0,0,0,0,1,0,0,0,0,1,0,1,0,1,0,0,0,0,1,0,0,1,0,1,0,0,0,0,1,0,0,0,0,0,1,0,0,0,0,0,0,0,1,0,0,0,0,0
160,0.4,toyota corolla,0.3137931034482761,0.3761194029850747,0.3416666666666677,0.4166666666666665,0.3052754072924748,0.2832369942196532,0.5214285714285716,0.5469613259668509,0.1333333333333333,0.050314465408805,0.189189189189189,1.0,0.9117647058823528,0.0836728298339078,0,0,0,0,0,0,0,0,0,0,0,0,0,0,0,0,0,0,0,0,1,0,0,0,0,1,0,1,0,1,0,0,0,1,0,0,0,1,0,1,0,0,0,0,1,0,0,0,0,0,1,0,0,0,0,0,0,0,1,0,0,0,0,0
161,0.4,toyota corona,0.3137931034482761,0.3761194029850747,0.3416666666666677,0.4333333333333331,0.2350659425911558,0.2138728323699421,0.4642857142857142,0.3701657458563536,0.1333333333333333,0.1383647798742138,0.3513513513513513,1.0,0.9117647058823528,0.0821059229081792,0,0,0,0,0,0,0,0,0,0,0,0,0,0,0,0,0,0,0,0,1,0,0,0,0,0,1,1,0,1,0,0,0,0,1,0,0,1,0,1,0,0,0,0,1,0,0,0,0,0,1,0,0,0,0,0,1,0,0,0,0,0,0,0
162,0.4,toyota corolla,0.3137931034482761,0.3761194029850747,0.3416666666666677,0.4166666666666665,0.2459270752521334,0.2138728323699421,0.4642857142857142,0.3701657458563536,0.1333333333333333,0.1383647798742138,0.3513513513513513,0.6000000000000001,0.5294117647058824,0.101535568787214,0,0,0,0,0,0,0,0,0,0,0,0,0,0,0,0,0,0,0,0,1,0,0,0,0,0,1,1,0,1,0,0,0,1,0,0,0,1,0,1,0,0,0,0,1,0,0,0,0,0,1,0,0,0,0,0,1,0,0,0,0,0,0,0
163,0.4,toyota mark ii,0.3137931034482761,0.3761194029850747,0.3416666666666677,0.4166666666666665,0.2529092319627618,0.2138728323699421,0.4642857142857142,0.3701657458563536,0.1333333333333333,0.1383647798742138,0.3513513513513513,0.6000000000000001,0.5294117647058824,0.129739893450329,0,0,0,0,0,0,0,0,0,0,0,0,0,0,0,0,0,0,0,0,1,0,0,0,0,0,1,1,0,1,0,0,0,0,1,0,0,1,0,1,0,0,0,0,1,0,0,0,0,0,1,0,0,0,0,0,1,0,0,0,0,0,0,0
164,0.6000000000000001,toyota corolla liftback,0.272413793103448,0.4119402985074627,0.3083333333333335,0.3999999999999999,0.2641582622187742,0.2138728323699421,0.4642857142857142,0.3701657458563536,0.1333333333333333,0.1383647798742138,0.3513513513513513,0.6399999999999999,0.5294117647058824,0.0921341272328423,0,0,0,0,0,0,0,0,0,0,0,0,0,0,0,0,0,0,0,0,1,0,0,0,0,0,1,1,0,0,1,0,0,0,1,0,0,0,1,1,0,0,0,0,1,0,0,0,0,0,1,0,0,0,0,0,1,0,0,0,0,0,0,0
165,0.6000000000000001,toyota corona,0.272413793103448,0.4119402985074627,0.3083333333333335,0.3999999999999999,0.2777346780449961,0.2138728323699421,0.4642857142857142,0.3701657458563536,0.1333333333333333,0.1383647798742138,0.3513513513513513,0.6399999999999999,0.5294117647058824,0.0977749921654653,0,0,0,0,0,0,0,0,0,0,0,0,0,0,0,0,0,0,0,0,1,0,0,0,0,0,1,1,0,0,1,0,0,1,0,0,0,0,1,1,0,0,0,0,1,0,0,0,0,0,1,0,0,0,0,0,1,0,0,0,0,0,0,0
166,0.6000000000000001,toyota celica gt liftback,0.272413793103448,0.4119402985074627,0.3083333333333335,0.3999999999999999,0.3013964313421257,0.2138728323699421,0.5000000000000002,0.3977900552486189,0.16,0.4025157232704403,0.5675675675675675,0.52,0.3823529411764705,0.1309934189909119,0,0,0,0,0,0,0,0,0,0,0,0,0,0,0,0,0,0,0,0,1,0,0,0,0,0,1,1,0,0,1,0,0,0,1,0,0,0,1,1,0,1,0,0,0,0,0,0,0,0,1,0,0,0,0,0,0,0,0,0,1,0,0,0
167,0.6000000000000001,toyota corolla tercel,0.272413793103448,0.4119402985074627,0.3083333333333335,0.3999999999999999,0.3149728471683475,0.2138728323699421,0.5000000000000002,0.3977900552486189,0.16,0.4025157232704403,0.5675675675675675,0.52,0.3823529411764705,0.1385145722344092,0,0,0,0,0,0,0,0,0,0,0,0,0,0,0,0,0,0,0,0,1,0,0,0,0,0,1,1,0,0,1,0,0,1,0,0,0,0,1,1,0,1,0,0,0,0,0,0,0,0,1,0,0,0,0,0,0,0,0,0,1,0,0,0
170,0.8,toyota starlet,0.4068965517241381,0.5238805970149252,0.4416666666666664,0.3500000000000001,0.4123351435221102,0.491329479768786,0.7714285714285716,0.6298342541436466,0.1533333333333333,0.4276729559748428,0.3513513513513513,0.4399999999999999,0.4117647058823529,0.1526480727044813,0,0,0,0,0,0,0,0,0,0,0,0,0,0,0,0,0,0,0,0,1,0,0,0,0,0,1,1,0,0,1,0,0,1,0,0,0,0,1,1,0,0,0,0,1,0,0,0,0,0,1,0,0,0,0,0,0,0,0,0,1,0,0,0
172,0.8,toyota corolla,0.4068965517241381,0.5238805970149252,0.4416666666666664,0.3500000000000001,0.4755624515128005,0.491329479768786,0.7714285714285716,0.6298342541436466,0.1533333333333333,0.4276729559748428,0.3513513513513513,0.4399999999999999,0.4117647058823529,0.201535568787214,0,0,0,0,0,0,0,0,0,0,0,0,0,0,0,0,0,0,0,0,1,0,0,0,0,0,1,1,0,0,1,0,0,1,0,0,0,0,1,1,0,0,0,0,1,0,0,0,0,0,1,0,0,0,0,0,0,0,0,0,1,0,0,0
173,0.8,toyota cressida,0.4068965517241381,0.5238805970149252,0.4416666666666664,0.4333333333333331,0.5768037238169124,0.491329479768786,0.7714285714285716,0.6298342541436466,0.1533333333333333,0.4276729559748428,0.3513513513513513,0.4399999999999999,0.4117647058823529,0.3933249764963961,0,0,0,0,0,0,0,0,0,0,0,0,0,0,0,0,0,0,0,0,1,0,0,0,0,0,1,1,0,0,1,1,0,0,0,0,0,0,1,1,0,0,0,0,1,0,0,0,0,0,1,0,0,0,0,0,0,0,0,0,1,0,0,0
174,0.2,toyota corolla,0.5448275862068965,0.5149253731343282,0.5166666666666666,0.5916666666666663,0.3250581846392552,0.3526011560693641,0.55,0.6519337016574587,0.1133333333333332,0.2767295597484276,0.0270270270270267,0.6399999999999999,0.5294117647058824,0.1200250705108116,0,0,0,0,0,0,0,0,0,0,0,0,0,0,0,0,0,0,0,0,1,0,0,0,0,0,1,1,0,1,0,0,0,0,1,0,0,1,0,1,0,0,0,0,1,0,0,0,0,0,1,0,0,0,0,0,0,0,0,0,1,0,0,0
175,0.2,toyota celica gt,0.5448275862068965,0.5149253731343282,0.5166666666666666,0.5916666666666663,0.3847944142746314,0.2832369942196532,0.5214285714285716,0.5469613259668509,0.1333333333333333,0.1572327044025157,0.189189189189189,0.6799999999999999,0.5,0.174866812911313,0,0,0,0,0,0,0,0,0,0,0,0,0,0,0,0,0,0,0,0,1,0,0,0,0,1,0,0,1,1,0,0,0,0,1,0,0,1,0,1,0,0,0,0,1,0,0,0,0,0,1,0,0,0,0,0,0,0,1,0,0,0,0,0
176,0.2,toyota corona,0.5448275862068965,0.5149253731343282,0.5166666666666666,0.5083333333333333,0.3591931730023273,0.3526011560693641,0.55,0.6519337016574587,0.1133333333333332,0.2767295597484276,0.0270270270270267,0.56,0.4705882352941176,0.1526167345659668,0,0,0,0,0,0,0,0,0,0,0,0,0,0,0,0,0,0,0,0,1,0,0,0,0,0,1,1,0,1,0,0,0,1,0,0,0,1,0,1,0,0,0,0,1,0,0,0,0,0,1,0,0,0,0,0,0,0,0,0,1,0,0,0
177,0.2,toyota corolla,0.5448275862068965,0.5149253731343282,0.5166666666666666,0.5916666666666663,0.3591931730023273,0.3526011560693641,0.55,0.6519337016574587,0.1133333333333332,0.2767295597484276,0.0270270270270267,0.56,0.4705882352941176,0.1811344406142275,0,0,0,0,0,0,0,0,0,0,0,0,0,0,0,0,0,0,0,0,1,0,0,0,0,0,1,1,0,1,0,0,0,0,1,0,0,1,0,1,0,0,0,0,1,0,0,0,0,0,1,0,0,0,0,0,0,0,0,0,1,0,0,0
178,0.2,toyota mark ii,0.5448275862068965,0.5149253731343282,0.5166666666666666,0.5083333333333333,0.3762606671838634,0.3526011560693641,0.55,0.6519337016574587,0.1133333333333332,0.2767295597484276,0.0270270270270267,0.56,0.4705882352941176,0.1921027890943278,0,0,0,0,0,0,0,0,0,0,0,0,0,0,0,0,0,0,0,0,1,0,0,0,0,0,1,1,0,1,0,0,0,1,0,0,0,1,0,1,0,0,0,0,1,0,0,0,0,0,1,0,0,0,0,0,0,0,0,0,1,0,0,0
183,0.8,volkswagen rabbit,0.3689655172413792,0.4567164179104477,0.4333333333333335,0.6583333333333337,0.299844840961986,0.2080924855491329,0.3357142857142856,0.5745856353591161,0.1333333333333333,0.0251572327044025,0.3513513513513513,0.96,0.8823529411764707,0.0832654340332184,0,0,0,0,0,0,0,0,0,0,0,0,0,0,0,0,0,0,0,0,0,0,1,0,0,1,0,1,0,0,1,0,0,0,1,0,0,1,0,1,0,0,0,0,1,0,0,0,0,0,1,0,0,0,0,0,0,0,1,0,0,0,0,0
184,0.8,volkswagen 1131 deluxe sedan,0.3689655172413792,0.4567164179104477,0.4333333333333335,0.6583333333333337,0.2796741660201707,0.2774566473988439,0.4642857142857142,0.5745856353591161,0.1333333333333333,0.2327044025157232,0.5945945945945943,0.56,0.5294117647058824,0.0895330617361328,0,0,0,0,0,0,0,0,0,0,0,0,0,0,0,0,0,0,0,0,0,0,1,0,0,0,1,1,0,0,1,0,0,0,1,0,0,1,0,1,0,0,0,0,1,0,0,0,0,0,1,0,0,0,0,0,0,0,0,0,1,0,0,0
185,0.8,volkswagen model 111,0.3689655172413792,0.4567164179104477,0.4333333333333335,0.6583333333333337,0.3010085337470908,0.2080924855491329,0.3357142857142856,0.5745856353591161,0.1333333333333333,0.0251572327044025,0.3513513513513513,0.96,0.8823529411764707,0.0901598245064243,0,0,0,0,0,0,0,0,0,0,0,0,0,0,0,0,0,0,0,0,0,0,1,0,0,1,0,1,0,1,0,0,0,0,1,0,0,1,0,1,0,0,0,0,1,0,0,0,0,0,1,0,0,0,0,0,0,0,1,0,0,0,0,0
186,0.8,volkswagen type 3,0.3689655172413792,0.4567164179104477,0.4333333333333335,0.6583333333333337,0.2808378588052754,0.2774566473988439,0.4642857142857142,0.5745856353591161,0.1333333333333333,0.2327044025157232,0.5945945945945943,0.56,0.5294117647058824,0.0964274522093388,0,0,0,0,0,0,0,0,0,0,0,0,0,0,0,0,0,0,0,0,0,0,1,0,0,0,1,1,0,1,0,0,0,0,1,0,0,1,0,1,0,0,0,0,1,0,0,0,0,0,1,0,0,0,0,0,0,0,0,0,1,0,0,0
187,0.8,volkswagen 411 (sw),0.3689655172413792,0.4567164179104477,0.4333333333333335,0.6583333333333337,0.3052754072924748,0.2774566473988439,0.4642857142857142,0.5745856353591161,0.1333333333333333,0.2327044025157232,0.5945945945945943,0.56,0.5294117647058824,0.1058288937637104,0,0,0,0,0,0,0,0,0,0,0,0,0,0,0,0,0,0,0,0,0,0,1,0,0,0,1,1,0,1,0,0,0,0,1,0,0,1,0,1,0,0,0,0,1,0,0,0,0,0,1,0,0,0,0,0,0,0,0,0,1,0,0,0
188,0.8,volkswagen super beetle,0.3689655172413792,0.4567164179104477,0.4333333333333335,0.6583333333333337,0.3223429014740109,0.2080924855491329,0.3357142857142856,0.5745856353591161,0.1333333333333333,0.1257861635220125,0.189189189189189,0.96,0.7647058823529412,0.1371670322782827,0,0,0,0,0,0,0,0,0,0,0,0,0,0,0,0,0,0,0,0,0,0,1,0,0,1,0,0,1,1,0,0,0,0,1,0,0,1,0,1,0,0,0,0,1,0,0,0,0,0,1,0,0,0,0,0,0,0,1,0,0,0,0,0
189,0.8,volkswagen dasher,0.3689655172413792,0.4567164179104477,0.4333333333333335,0.6583333333333337,0.3149728471683475,0.2774566473988439,0.4642857142857142,0.5745856353591161,0.1999999999999999,0.3270440251572327,0.7297297297297294,0.52,0.4705882352941176,0.1528361015355688,0,0,0,0,0,0,0,0,0,0,0,0,0,0,0,0,0,0,0,0,0,0,1,0,0,0,1,1,0,1,0,0,0,0,1,0,0,1,0,1,0,0,0,0,1,0,0,0,0,0,1,0,0,0,0,0,0,0,0,0,1,0,0,0
190,1.0,vw dasher,0.272413793103448,0.2716417910447761,0.3250000000000002,0.6499999999999999,0.2971295577967416,0.2774566473988439,0.4642857142857142,0.5745856353591161,0.0999999999999999,0.2641509433962263,0.7297297297297294,0.4399999999999999,0.3823529411764705,0.2029771231588843,0,0,0,0,0,0,0,0,0,0,0,0,0,0,0,0,0,0,0,0,0,0,0,0,1,0,1,1,0,0,1,1,0,0,0,0,0,1,0,1,0,0,0,0,1,0,0,0,0,0,1,0,0,0,0,0,0,0,0,0,1,0,0,0
191,1.0,vw rabbit,0.272413793103448,0.3671641791044773,0.3083333333333335,0.3000000000000002,0.2843289371605896,0.2774566473988439,0.4642857142857142,0.5745856353591161,0.0999999999999999,0.2641509433962263,0.7297297297297294,0.4399999999999999,0.3823529411764705,0.1523660294578502,0,0,0,0,0,0,0,0,0,0,0,0,0,0,0,0,0,0,0,0,0,0,0,0,1,0,1,1,0,0,1,0,0,1,0,0,0,1,0,1,0,0,0,0,1,0,0,0,0,0,1,0,0,0,0,0,0,0,0,0,1,0,0,0
193,0.4,volkswagen rabbit custom,0.4758620689655175,0.5835820895522388,0.5500000000000007,0.6083333333333338,0.4231962761830876,0.2080924855491329,0.3357142857142856,0.5745856353591161,0.1333333333333333,0.1257861635220125,0.189189189189189,0.8,0.6470588235294118,0.2734879348166719,0,0,0,0,0,0,0,0,0,0,0,0,0,0,0,0,0,0,0,0,0,0,1,0,0,1,0,0,1,1,0,0,0,0,1,0,0,1,0,1,0,0,0,0,1,0,0,0,0,0,1,0,0,0,0,0,0,0,1,0,0,0,0,0
194,0.4,volkswagen dasher,0.4758620689655175,0.6268656716417911,0.5500000000000007,0.6083333333333338,0.4169899146625291,0.2774566473988439,0.4642857142857142,0.5745856353591161,0.1333333333333333,0.2515723270440251,0.7297297297297294,0.48,0.4411764705882353,0.224757129426512,0,0,0,0,0,0,0,0,0,0,0,0,0,0,0,0,0,0,0,0,0,0,1,0,0,0,1,1,0,1,0,0,0,0,0,1,0,1,0,1,0,0,0,0,1,0,0,0,0,0,1,0,0,0,0,0,0,0,0,0,1,0,0,0
195,0.0,volvo 145e (sw),0.6103448275862067,0.711940298507463,0.5750000000000002,0.7000000000000006,0.5523661753297129,0.4624277456647399,0.8857142857142855,0.4364640883977901,0.1666666666666666,0.4150943396226415,0.6756756756756754,0.4,0.3529411764705882,0.245126919460984,0,0,0,0,0,0,0,0,0,0,0,0,0,0,0,0,0,0,0,0,0,0,0,1,0,0,1,1,0,1,0,0,0,0,1,0,0,0,1,1,0,0,0,0,1,0,0,0,0,0,1,0,0,0,0,0,0,0,0,0,1,0,0,0
197,0.0,volvo 244dl,0.6103448275862067,0.711940298507463,0.5750000000000002,0.7000000000000006,0.5612878200155158,0.4624277456647399,0.8857142857142855,0.4364640883977901,0.1666666666666666,0.4150943396226415,0.6756756756756754,0.4399999999999999,0.3529411764705882,0.3405515512378564,0,0,0,0,0,0,0,0,0,0,0,0,0,0,0,0,0,0,0,0,0,0,0,1,0,0,1,1,0,1,0,0,0,0,1,0,0,0,1,1,0,0,0,0,1,0,0,0,0,0,1,0,0,0,0,0,0,0,0,0,1,0,0,0
201,0.2,volvo 145e (sw),0.7758620689655169,0.711940298507463,0.7166666666666677,0.641666666666667,0.5678820791311094,0.4624277456647399,0.8857142857142855,0.4364640883977901,0.1666666666666666,0.4150943396226415,0.6756756756756754,0.4,0.3529411764705882,0.3675023503603886,0,0,0,0,0,0,0,0,0,0,0,0,0,0,0,0,0,0,0,0,0,0,0,1,0,0,1,1,0,1,0,0,0,0,1,0,0,0,1,1,0,0,0,0,1,0,0,0,0,0,1,0,0,0,0,0,0,0,0,0,1,0,0,0
