AE_1,AE_2,AE_3,AE_4,AE_5,AE_6,AE_7,AE_8,AE_9,AE_10,AE_11,AE_12,AE_13,AE_14,AE_15,AE_16,AE_17,AE_18,AE_19,AE_20,AE_21,AE_22,AE_23,AE_24,AE_25,AE_26,AE_27,AE_28,AE_29,AE_30,AE_31,AE_32
1.3461423,0.16745265,-3.543455,0.4184969,2.661009,-7.0520735,-0.02607183,0.56570405,0.4761524,-4.947982,-8.1787195,-3.0670886,1.0305818,2.5773292,3.4516668,-3.2673686,1.9929974,-1.6901956,4.318369,9.642015,-1.3315716,0.2574461,2.9288414,-5.852663,4.1771507,-3.2279623,7.801821,1.2598174,-1.0142317,3.0936465,3.057319,-6.278362
1.3169479,0.22425044,-3.46963,0.41175967,2.6362927,-7.0651503,-0.07409536,0.50222653,0.48621804,-5.0161004,-8.198214,-3.0631137,1.0641837,2.558928,3.495859,-3.3131158,1.9895339,-1.6768141,4.363478,9.648264,-1.4379823,0.31430906,2.9778569,-5.8502226,4.1506104,-3.2825773,7.807805,1.3285594,-1.0281438,3.1424901,3.0452435,-6.381419
3.7160494,0.49478188,-4.651394,1.32914,-3.5831316,-7.9577074,1.0232123,-0.022419276,1.0254356,-3.101446,-10.229723,0.8296568,-2.3907905,3.4740458,5.289098,-3.3114948,3.210007,-0.69091177,5.818003,4.7086577,2.4265416,0.1499109,5.3582826,-1.4728265,6.2146497,-4.082914,6.253021,-6.224799,3.0410118,2.430837,0.06362038,-7.4461226
0.22822574,1.371157,1.0833696,1.5515575,-1.8369305,-1.4474795,-2.2881763,-0.36834833,0.27520752,1.2089106,-0.643176,1.1673133,1.2042232,4.5131607,-1.7932156,6.1206183,1.7843648,1.5754411,0.79316115,3.0582259,0.2051609,2.591687,0.59405136,1.9027494,-0.24836314,-1.3534343,-0.5273535,1.4350185,-2.5753832,-2.1593,-0.90769434,-3.5974712
0.91475433,3.3238208,0.32038036,-2.0312498,-2.6689348,-4.121623,-1.2018249,-0.7152391,-2.9996026,0.059501905,-0.7237952,3.016026,0.720202,4.563378,0.4243521,6.3851743,0.4428624,0.9678251,2.1081483,-2.834393,-0.06702924,3.7819116,2.2535474,1.6070946,-2.0900092,-3.4584165,3.191053,4.6725793,-2.3500676,-2.5201905,-4.3005824,-7.9438653
-2.8252316,2.3311985,1.5835832,0.65028787,-2.4196723,-1.7067066,0.9105879,-1.6219045,-2.3371675,0.30725312,-2.4296167,2.5196393,-0.8186763,5.720056,0.44234678,8.018994,2.5359755,-0.6620955,-0.16235936,0.08545591,0.68731755,2.3016334,1.9209489,3.3335328,-1.6275184,-0.79834455,2.7184381,3.4741488,-2.154544,-2.8532689,-2.1599028,-6.819843
-1.6187276,2.3272655,1.2659495,0.09514706,-1.6977955,-0.80333424,0.50156784,-2.0424623,-0.28668177,0.91157335,-0.6608293,2.4554605,0.7419106,4.785729,2.0890677,8.586463,2.1357467,0.7923759,-0.47929367,-0.30754176,-0.39353016,2.7378852,2.0684707,4.9797735,-1.6738566,-1.9634217,2.4488964,2.0577738,-1.2259237,-2.5428731,-1.5897986,-6.6502104
-2.3706136,2.0863466,0.7113932,0.54390407,-0.7576922,-1.0924525,0.850192,-4.3072567,-0.9086779,2.1090384,0.62847275,2.0206435,1.2573854,4.8787203,1.2498263,8.586956,0.7091618,1.9448918,-0.13330956,-0.9725133,0.22261801,3.0397801,-0.16679724,5.218775,-2.7934222,-1.9479499,3.8765757,0.38780212,0.22566897,-2.7493827,-2.2134445,-7.8349233
-2.097803,0.9140625,3.0141397,1.0164037,-1.6588005,-1.9281981,0.47796774,-2.729868,-0.2128278,0.3788865,-0.3115047,3.5018601,1.1896025,4.8856,3.5050428,8.016551,1.655331,-0.8065148,-0.1540735,0.07988984,-1.0066642,5.076935,1.8355696,4.776848,-1.9122034,-2.9410641,3.9004412,3.5295272,-0.6620418,-3.6934323,-0.7565313,-7.6903667
-0.26013887,2.057136,0.95748436,-1.7018149,-3.2967627,-4.295268,1.1234605,-2.5007343,-6.54293,0.9022938,-1.6689265,3.7375553,-0.36995533,5.1713576,2.4435983,3.7811813,-0.84200835,-0.39576018,2.7854276,-1.5122418,0.04027849,5.890554,0.10724804,2.0804722,-1.6243024,-2.2085292,5.508494,5.5704727,-0.69233775,-3.1185002,-2.1965752,-9.804457
-3.4745767,0.84320456,0.29892042,5.063814,3.0538454,1.1923956,-1.5631901,0.9922734,-1.054333,2.5910938,-2.7950432,-1.4896895,-2.8401632,2.44426,-2.6269686,4.3513575,-2.7737021,1.1480674,-1.3537394,4.148719,-3.3566961,2.2302952,2.1669633,3.2081504,-2.6566937,-0.47757784,3.7857497,2.0580418,-3.7719436,0.8895877,-2.6617348,2.1269584
-1.7847416,1.2674017,-0.13415715,5.1068616,2.3368754,0.21654287,-2.2918556,1.3969656,0.8002208,2.66521,-1.9492961,-1.0439676,-1.9351252,2.0663447,-1.9542434,5.0210295,-2.7559226,2.5292325,-0.7536058,3.0696323,-3.5879002,1.216417,2.561011,3.6168644,-2.4425666,-1.2445999,3.2420835,1.3935658,-3.3317108,0.64253205,-1.6728194,1.2244769
-0.94632816,0.9921164,1.504298,4.02566,0.61110026,-0.23852554,1.5832951,0.9396135,0.11865771,1.3919672,-3.7366753,-1.0262063,-5.490855,2.4945946,0.2727905,3.2873054,-2.0107543,3.8651192,-0.8890117,-0.061501935,-2.3221102,-2.2070916,4.206081,4.3507137,-2.349,0.8487894,5.175655,1.4783839,-2.5846264,1.8716853,-3.2711914,-3.7034814
-0.102595724,1.224818,1.2728875,3.9748273,0.876386,-0.3847088,0.3987202,0.941828,2.3433328,1.4475669,-2.8264437,-0.4267286,-3.7247186,2.1153035,0.31641343,4.0900927,-1.7750931,4.3614507,-0.6665137,-0.21890067,-2.7259924,-2.7642212,4.228081,4.362646,-2.0084267,-0.45296973,4.5469165,0.72568876,-2.446388,1.7993788,-2.6004972,-3.9629438
-0.85262096,1.0679655,1.9266436,3.4096067,1.3614043,0.41413918,0.8016116,0.44853315,2.759607,1.9236342,-2.7692196,0.30224726,-3.1561036,1.6449848,0.7918896,3.7665846,-1.69834,4.1612883,-0.97408533,-0.29915538,-3.6492782,-1.9268732,4.636125,5.0756445,-1.814915,-0.67872727,4.655268,1.1084983,-2.5412493,2.4273956,-2.9489658,-4.132446
-0.84612304,1.2829216,1.0482455,4.375946,1.4064734,-0.14838754,-1.0418036,-0.83601034,2.3193667,2.2740974,-4.1777167,1.3030863,-2.1534026,2.4568436,0.0044320254,4.4158154,-1.0451803,3.1064079,0.44539332,0.6927179,-3.16847,0.05436878,4.7997994,6.499549,-1.3342656,-2.9869792,5.9759536,-0.65184,-1.7387089,2.9527633,-5.1014223,-2.9081209
-1.5694526,-0.5351341,1.1803817,4.650153,1.3627756,0.8678938,0.546337,-0.22711644,-0.2994645,3.002947,-4.854552,-0.22938982,-4.7195683,3.1115434,-1.0170003,3.1138196,-0.827486,2.8780844,-0.20893812,1.3711514,-1.6235812,0.10158305,4.052007,6.6501713,-1.270619,-0.19300939,6.1379952,-0.57624125,-2.3866358,3.0824778,-5.9369054,-0.49073216
-1.1656761,1.6074973,2.0043259,3.7605321,2.0423274,0.93179303,-0.20618096,-1.7667891,2.722245,2.9606318,-3.9961216,2.087002,-1.5341206,1.9635123,0.99266154,4.315492,-1.1337483,2.8462076,0.35184214,0.66145706,-4.300342,1.2105939,5.310696,7.662698,-1.2869179,-3.3724272,6.573248,-0.09733603,-1.3308506,3.4432507,-5.2225866,-3.3295622
5.8422546,-1.0789992,-3.3460364,-5.4755135,1.2757591,-7.1756716,1.0289807,1.4874306,-1.9411457,1.3799298,1.743488,-4.6702266,-8.593183,6.995208,0.75256294,0.505983,1.6004888,-5.586971,-6.304948,6.96238,9.946707,-1.3598601,0.90748173,-6.9858327,1.8004763,-1.1541957,3.3135836,-1.3876289,5.757123,-11.29701,2.0407827,4.777961
-0.9811597,2.6144383,-2.2201672,2.6041026,1.9528077,-4.29799,0.82488686,2.9722934,-2.6202188,-1.2024752,-2.2005682,-3.8857474,-4.397549,2.9334276,0.08648709,2.6026003,1.3908381,-5.008464,-2.7729783,8.432251,3.8069484,-0.9665248,-3.1177926,-4.3953934,-2.0137103,-0.22632793,-0.95346105,-2.945795,0.98188144,-6.0285006,6.034591,0.50996935
-0.49827403,3.2136657,-1.3282075,2.9330971,2.0677817,-3.9621015,-0.14693841,3.6825664,-0.3233154,-1.1334381,-0.45548043,-3.5600114,-4.1019516,2.303811,0.37961972,3.940273,1.2321732,-4.7380342,-3.197383,7.4817195,3.465711,-1.8984153,-2.435147,-4.5897675,-2.6235738,-1.4566606,-1.636883,-2.8731499,1.0427706,-6.2578874,5.2753334,1.1533674
0.41862607,0.56188184,2.9419262,2.3756878,-0.8411932,-0.4053167,-0.5230042,-0.33965957,-2.6404142,-0.88411355,-1.815506,-1.8493012,-2.990882,3.8687298,-1.0367066,0.52123886,0.10455624,-0.04378459,-0.8052222,3.8509042,1.4232916,-1.1341949,-3.8956883,-0.1852387,-1.1227115,2.0830026,0.12510633,-0.8118865,-2.4018304,-2.6452699,4.423822,-4.3527675
0.5981913,0.623275,2.8304138,1.9316602,-0.9679442,-0.12631656,-0.40767598,-0.44415674,-2.5504959,-0.60441315,-1.981299,-1.4773992,-2.5120869,3.922292,-1.1485866,0.74059784,-0.07936726,-0.25523302,-0.5664581,3.644311,1.3350164,-1.1663628,-3.9990249,-0.41067678,-1.0657415,1.6994859,0.22998379,-0.33393744,-2.2223716,-2.2231367,4.153665,-4.496266
-0.24844754,-0.3359043,2.955233,2.3544466,-2.3138025,-0.3630416,-0.206828,-0.66989917,-2.0373337,-0.88153356,-1.9952873,0.5169004,-2.1293216,4.6452703,0.5073266,-0.20914169,0.43988636,-2.0731642,0.7763515,3.8125749,0.6467114,0.123839624,-3.34559,-0.51842123,-0.15753493,0.48162314,2.3908632,0.6088766,-0.55198544,-2.584312,3.903316,-5.115783
0.94475627,0.09743349,3.1625063,2.0950217,-0.24903023,-0.43368337,-0.5940692,-0.90013885,-1.2520351,-1.127421,-1.1162223,-1.1990678,-1.383227,3.617983,-0.669788,1.189115,0.25332204,0.24951363,-0.34769055,3.4157255,1.5191902,-1.8160421,-4.2954435,-0.5612043,-0.57849514,0.9187351,0.21069983,-0.81903136,-1.9068631,-2.2915692,4.34732,-4.807132
1.0188007,0.65526634,3.7399092,2.2687373,-0.3146153,-0.6349582,-1.2891616,0.10382707,-0.8145727,-1.3117615,-0.6437561,-0.74813414,-2.0164573,3.2719295,-0.9433963,2.0191073,-0.026796259,-0.030811979,-0.7859867,2.7047775,1.43285,-1.8931241,-3.368138,-0.900315,-0.87594736,0.49595177,-0.36965343,-0.36831635,-2.5373266,-2.6964004,3.6389053,-4.58383
1.0268589,0.67786276,3.75379,2.2696784,-0.3111108,-0.64429265,-1.2667812,0.0950661,-0.80951506,-1.324615,-0.65778834,-0.72695357,-2.0189836,3.2509806,-0.92962974,2.0166566,-0.03022255,-0.042205922,-0.7765096,2.6799378,1.4341528,-1.9080942,-3.3554676,-0.90547496,-0.8714264,0.4805172,-0.3564265,-0.37381542,-2.5303974,-2.6970785,3.6336577,-4.6077795
-0.21004409,0.14786315,3.5739639,2.6902788,-2.3302104,-0.21347101,-0.6723082,0.21695398,-1.3219774,-0.95129657,-1.3984463,0.7056235,-2.757928,4.4331007,0.20098159,0.6857472,-0.0832898,-2.458504,0.29723123,3.0576708,0.52165174,-0.14060779,-2.6293304,-0.9207652,-0.65057427,-0.064413965,2.030043,1.0112287,-1.050025,-3.0642154,2.9226313,-4.830846
1.5406266,1.2336628,2.533393,2.8292663,-0.083353095,-0.6896319,-1.7636249,-0.49203002,-1.2364498,1.4835305,1.2243398,-0.35651803,-0.13038841,3.1954303,-1.1476283,2.8974643,-2.788087,1.9012631,0.14116697,2.2918053,0.8465899,-1.0122863,-5.7441554,1.0805687,-2.1785455,-0.63173574,1.4633512,-0.23363315,-1.9222267,-3.000076,4.3264666,-4.492358
4.73349,-2.5200768,10.10614,-3.1718445,-7.819215,2.8227468,2.44865,-1.5538174,0.5751572,-1.4437861,-2.690412,2.5352905,-9.04768,8.510227,2.4629905,-3.448686,-0.1213929,-5.3819923,-2.2294974,-2.6804817,4.610404,-4.1630383,0.08540626,-1.5067942,4.152958,0.7038288,6.316897,1.2761374,-1.4380045,-4.563175,-2.2378278,-11.043304
-2.2320218,0.01398654,0.26017848,-2.3881357,0.29736748,-1.7328974,0.11166408,-2.5356627,-3.058511,-4.194505,-2.608993,-4.5264173,-0.06312765,2.8649786,-1.4720443,1.7198917,0.39985207,1.4998975,-2.293159,2.2621448,-1.1569576,2.440632,0.56854165,-2.1083753,-0.44072258,3.603031,-1.4979112,2.5937822,-2.7219772,1.0195231,0.020051254,-5.333305
-2.0089285,-1.0421966,0.8435958,-0.87033373,0.31168067,-1.8091292,-1.3186655,-1.9503267,-3.3364496,-4.1252146,-2.131118,-4.4057055,-0.66793513,3.0153103,-2.2761707,1.0797747,1.2456349,1.9062887,-1.2165304,2.8927526,-0.027523372,2.5784614,-0.00398563,-1.7166145,0.16326994,3.3883991,-2.5679898,0.96427983,-3.7553945,0.33482662,-0.269109,-3.6190662
-2.7125037,-0.41608143,0.03901961,-0.14788815,0.82448107,-2.4288461,-1.2460816,-1.1608561,-3.172927,-3.79918,-1.0186723,-4.739534,-1.0905836,2.2165673,-1.7323805,0.6429278,0.5278845,2.9796863,-2.0215394,3.049684,-0.7869758,2.0599408,-0.1938981,-1.3539356,-0.5588391,3.7275138,-2.4761095,0.83709764,-3.77204,-0.26857558,0.7348804,-3.2904005
-1.6441482,-0.46568722,0.76792884,-0.693077,0.21110187,-1.7400763,-1.4742,-1.5641254,-3.3088553,-2.9342859,-1.5114198,-3.8000154,-0.3857557,2.5140262,-2.4454176,0.8680177,0.7019989,2.3752742,-1.1570399,2.9410026,-0.41619894,2.7214048,-0.18867257,-1.0838377,-0.004483032,3.1392803,-2.941883,1.2696157,-3.666116,0.47029266,0.18621205,-2.8941264
-1.6507672,-0.4520189,0.7795094,-0.70423746,0.20519114,-1.7381686,-1.4782462,-1.5820122,-3.3141143,-2.93565,-1.5127352,-3.7815125,-0.3796672,2.5063477,-2.4443316,0.85681134,0.7012146,2.3715856,-1.1513863,2.921437,-0.42273137,2.7357135,-0.16891041,-1.0759045,0.009006939,3.1261575,-2.9401712,1.2780805,-3.663843,0.47345805,0.16672835,-2.9039664
-0.9903483,-0.26972523,1.2175624,-0.163418,1.0328864,-1.3761026,-2.3501546,-0.4264638,-1.2039804,-2.6583185,0.9064201,-3.3038235,0.13530241,1.820423,-2.2921531,2.2447162,-0.009095428,3.3247247,-1.4172913,1.8160101,-1.1183419,1.7792935,0.06723362,-1.0527295,-0.59022146,1.8754101,-3.4222512,1.3386445,-3.608499,-0.044796187,-0.039638616,-2.5304818
-1.6417466,-0.21606275,0.46153808,2.0346417,0.7198026,-2.9670138,-2.6438913,-1.7498767,-1.6891416,-1.1842049,1.5641339,-3.4983463,0.8611481,2.0874946,-3.4355989,2.520678,-1.5893216,4.8479114,0.07132263,3.033109,-1.0719181,2.3454864,-2.333657,-0.93628323,-1.6649823,2.113806,-2.042874,1.1564109,-3.3666427,-0.77469796,0.47777334,-3.900283
-1.4683528,-0.21080911,0.6621027,-1.4555131,0.48878083,-1.2086434,-0.982896,-2.0711906,-3.4117234,-1.8333606,-0.8389461,-3.343104,-0.18862666,1.9921057,-2.0054867,1.1609075,0.38262862,2.610545,-1.6665765,2.220075,-0.59084773,2.9911206,0.0062363693,0.20432374,-0.16006653,2.9620028,-2.8281567,1.2403269,-2.8558955,0.666575,0.07419435,-1.8008112
-1.4786228,-0.17700124,0.677356,-1.4845333,0.4662636,-1.2138833,-0.99638563,-2.105654,-3.4009724,-1.8385994,-0.8354806,-3.311138,-0.17784385,1.9772967,-1.9939375,1.1375836,0.39493233,2.601284,-1.6597006,2.1760833,-0.60387784,3.0196073,0.05937215,0.21868242,-0.14077975,2.9287798,-2.8260128,1.2519728,-2.840501,0.66613054,0.023938142,-1.822168
-1.0863823,-0.39010373,1.5195299,-1.1209977,1.5292585,-0.6483982,-1.8764043,-1.1228914,-1.0412179,-2.300608,1.3469343,-2.9011033,0.4462777,1.6684487,-1.8398093,2.3516095,-0.09936569,2.9858618,-2.1702638,0.896714,-1.095524,2.1460154,0.4974296,-0.22145618,-0.2734609,1.7339382,-2.9326842,1.3802791,-3.0874712,0.076740764,-0.36904946,-1.8661894
-1.0982894,-0.06350159,1.2452775,-1.0049491,1.3624223,-0.609097,-2.1958802,-1.0746262,-0.9260745,-2.2814493,1.3287863,-2.873196,0.7461547,1.7497468,-2.2319548,2.7129714,-0.34067312,2.8878384,-1.7419802,0.9566677,-1.2133112,2.236188,0.6408719,-0.5166139,-0.23112023,1.3512024,-3.0014343,1.4664109,-3.0365295,0.22793038,-0.81825304,-1.6934338
-0.15787846,1.0851878,1.036895,-0.32330185,0.046343364,-0.3545954,-2.3354788,0.010224691,-0.36973566,-0.5505857,1.2717714,-1.2690653,0.46143144,1.5857134,-2.0055912,2.686853,-0.20910482,1.8446931,-0.38736996,2.060455,-1.4233357,3.039424,1.3722503,-0.45370823,-0.044111982,0.29057032,-3.030386,1.7838637,-1.6995571,-0.2834912,-0.63050336,-0.36275265
-0.12528364,-0.05733263,1.9264632,-1.1428661,1.539156,0.09226592,-0.13732505,-1.037296,-2.306492,-1.1477457,-0.17191917,-3.3630128,-1.4972718,1.7911644,-2.9184625,2.4114878,-0.40333107,0.20904225,-2.2113116,1.1853585,0.5890544,2.3254888,0.51705563,-1.3113912,-0.3811751,2.6803472,-2.1216834,1.5185467,-2.553696,-0.893489,-0.6687884,0.6767435
0.33553815,0.54502034,-2.3979173,1.9367552,3.574293,-2.1534622,2.114559,-0.37092376,-0.7479581,-0.3883439,-1.0837495,-6.26803,-4.2807374,2.0024712,-6.135503,4.452775,-3.12738,3.3231907,-1.3742694,-1.5417678,1.5361861,-4.1405764,0.74949247,-2.6193898,-1.0041515,5.0796313,2.8231635,-0.07082926,-2.1101396,-0.06618152,-4.022521,1.2767535
-2.1034746,0.9191077,0.055766758,3.4360619,1.5929856,-2.0727458,1.2596052,0.23318513,-1.1987772,-2.4861166,-0.95437026,-7.8677416,-7.487961,2.3807902,-4.7553635,2.6164064,-0.4670985,1.9636152,-2.3868315,0.7531755,1.4216887,-4.2449083,0.43380812,-3.0256724,-2.7043457,6.089443,0.41134787,-0.8134565,-2.9074805,-2.0334506,-2.089954,0.38831082
-1.4996617,0.5461818,-0.31156594,3.4483967,1.9244285,-2.1029234,0.8902592,-0.059335716,-0.018067952,-2.4507806,0.25019974,-7.632477,-6.1904006,2.2244744,-4.2140226,2.8634334,-0.8208055,2.4339015,-1.9573675,0.4207074,1.3942176,-5.1085153,-0.5092535,-3.272278,-2.3212068,5.121014,0.6741458,-1.7762046,-2.2893534,-1.8483727,-1.6212366,-0.0011294005
-0.06405032,-4.646273,-4.362388,1.8874378,1.8117579,-0.5750818,0.28924978,1.2586824,-3.705496,-0.2547656,0.1906855,-4.392613,-11.295556,9.646249,-4.888694,-3.2616765,-5.7778487,0.8035848,0.11064557,-0.074818626,4.137358,-3.712523,2.436234,-3.2044423,6.1809344,2.5772617,13.946692,-1.4095218,0.46597278,-3.169781,-10.553275,1.626941
-0.44383502,-2.1876452,4.172919,-2.784581,-2.9791024,2.4839323,-3.0201283,-0.8269951,4.271603,2.811523,-1.8076668,3.2331462,-0.45516592,4.1502385,3.25506,-3.3833587,0.37018472,0.5928188,0.44772315,3.7651696,-5.211103,5.6978617,6.7580943,5.1559105,4.560204,-5.623214,3.2900841,0.15260719,-0.4309702,3.7666347,-4.8378615,-5.6265173
-0.48342702,-2.0791337,4.2783904,-2.858994,-2.9968383,2.4719815,-3.0469518,-0.9292306,4.3263702,2.770646,-1.7941295,3.2333047,-0.44785744,4.1770124,3.3113773,-3.3627803,0.34157577,0.5545578,0.41370776,3.7616215,-5.323315,5.77476,6.8942013,5.1845355,4.5088797,-5.767237,3.3112533,0.24630333,-0.4289547,3.7790885,-4.913777,-5.749409
-7.902668,3.2529993,1.249169,-2.9060166,-4.10916,0.44575277,-5.241234,2.2251992,-2.9343567,4.6415286,-7.935095,6.0905037,-6.747356,7.821264,4.1317105,-5.411862,-3.090057,-9.943584,-5.3222537,9.565828,-3.4742942,6.380561,4.510061,3.1590686,1.4597312,-11.705931,6.4598475,-1.24008,3.2683413,1.3263187,-3.9968588,-4.6852517
-0.6382878,0.48998857,0.7093324,-0.029519714,0.5372159,-0.6883246,-1.1144534,-0.8058848,0.49008203,0.84695077,-1.1538584,-3.3918269,-1.6631339,2.8624935,-3.3592541,0.57657254,0.06620832,0.5585927,-2.4329557,6.8598146,0.5115832,-1.3064443,-1.3611934,-2.0657651,-1.0446085,1.092634,-1.420465,0.27100426,-1.2569208,-0.8581664,2.0790713,-0.33218774
-0.89084756,0.5307718,0.643409,0.26564258,0.64797467,-0.80054605,-1.2497451,-0.7441752,0.33097506,0.6086602,-0.72721136,-3.8053694,-2.0431821,2.971905,-3.0169168,0.52913076,0.09052919,0.7979889,-2.7546186,7.022497,0.58466625,-1.2533937,-1.3314291,-1.7429073,-1.2424053,1.2480924,-1.2906501,-0.054401934,-1.188166,-1.3731612,2.236008,-0.24797958
-0.89080614,0.5514518,0.65129936,0.26597413,0.654377,-0.80774075,-1.2504325,-0.7557811,0.33989918,0.6132946,-0.72330207,-3.7847521,-2.0388713,2.9590387,-3.0079134,0.5178506,0.07877854,0.791637,-2.7501829,7.013898,0.5783093,-1.2553282,-1.3271135,-1.7446557,-1.238005,1.2234288,-1.2781719,-0.058300517,-1.1754236,-1.3767906,2.2389112,-0.2637456
-0.69814545,0.71996033,1.1725701,0.9272179,1.6589249,-0.6457441,-1.8776766,-0.048103895,2.0461996,0.07858483,0.94178015,-3.5024476,-1.6474034,2.373842,-2.8951366,1.9483334,-0.31936687,0.9483735,-3.04845,5.8919125,0.4169802,-2.0715013,-0.9150321,-2.1869776,-1.4783361,0.10155812,-1.3929471,-0.23363642,-1.0848383,-1.7396116,1.4780179,-0.13459714
-0.68695426,0.7260246,1.1311361,0.91124296,1.7309415,-0.6164329,-1.9065133,-0.04299729,2.063435,0.12394713,0.9590969,-3.4805787,-1.6133567,2.3676763,-2.8759694,2.0258896,-0.35345545,0.92785084,-3.09089,5.870294,0.4119743,-2.0402594,-0.8819624,-2.111027,-1.4740674,0.03426505,-1.317274,-0.24124505,-1.0797501,-1.7581321,1.4459631,-0.012876262
2.3228111,-3.3350282,0.82513875,-9.582033,5.484648,-2.5586514,-1.8488508,-4.0897884,-1.9255371,3.782941,-5.785667,-0.05485328,-2.2722013,5.381048,-5.3382125,-2.8837242,-0.81338257,-4.6323905,-7.56843,7.4521837,5.6650953,-0.21512364,-1.2710079,-3.1703558,4.875473,-2.7335763,2.5719256,-2.1446786,-0.23276217,0.82715976,0.72333366,0.3631025
2.3129058,-3.318089,0.8326107,-9.57653,5.486633,-2.5612612,-1.8488252,-4.090599,-1.9151297,3.7789135,-5.784408,-0.040073905,-2.2685876,5.3754244,-5.3409605,-2.8837972,-0.8146442,-4.634866,-7.5648737,7.446018,5.6508846,-0.21745811,-1.262969,-3.17337,4.8698807,-2.7478316,2.5733683,-2.1335664,-0.23058948,0.83713347,0.71468407,0.35211107
2.2914834,-3.2836578,0.8471712,-9.566704,5.4907494,-2.5663176,-1.8494809,-4.0926986,-1.8955158,3.7709773,-5.782712,-0.010914679,-2.2618222,5.363987,-5.3463817,-2.8858323,-0.8178624,-4.6411476,-7.559158,7.4338174,5.621728,-0.22131866,-1.2472067,-3.1790423,4.858393,-2.7768826,2.5765173,-2.1114001,-0.22650929,0.85795337,0.6966298,0.33076686
-1.0940086,-3.7613704,-3.3071625,-4.234448,2.0479286,-5.593744,-3.4326954,-2.5993402,-1.5603544,2.9744008,-7.701535,3.381422,-1.5926309,6.172948,-5.2097726,-3.6812723,2.8061883,-2.8046932,-2.2655935,8.865127,4.635184,0.7333817,0.83893377,-1.598935,6.104422,-3.7228863,3.838207,-3.1363926,1.8714038,1.37842,-1.5124131,-0.4592698
-0.9939405,0.98895687,1.2288679,-0.78651696,1.8527672,-0.30701038,-0.2445489,-1.3687233,0.14430404,1.8673551,-0.3522109,-2.6456957,-1.6359562,2.0866513,-2.5809138,0.83280736,0.028085144,0.27132672,-3.8008318,5.814514,0.67584354,-0.708461,-1.0207214,-0.2687252,-1.1999397,0.8979868,-0.99565977,0.2999418,-0.70775527,-1.1358148,1.9603368,1.0634558
0.012870387,1.2023882,1.4887457,-0.08563258,2.3164196,-0.021924516,-1.2432867,-0.32046512,1.7897302,1.4991021,1.3669186,-2.4423747,-1.0506659,1.8257315,-2.4793184,2.4024127,-0.8746889,1.0855029,-3.7353241,4.7760277,0.2564477,-1.214252,-0.63052946,-0.49887955,-1.2806517,-0.21537305,-1.0613319,0.32251474,-0.85092026,-1.4031181,1.4539597,1.0866777
-1.0051571,1.035826,1.2681423,-0.7932175,1.8555825,-0.28545958,-0.23501508,-1.4090432,0.18558362,1.8608139,-0.33652398,-2.6136224,-1.6305584,2.0677516,-2.5510728,0.8250451,0.02473251,0.22866349,-3.8052566,5.8029695,0.6507042,-0.6946028,-0.9916579,-0.27156508,-1.189401,0.835853,-0.99027604,0.2930224,-0.6584934,-1.1340928,1.9409044,1.0449017
0.0105079925,1.2580665,1.5156287,-0.10910292,2.3184426,-0.020629833,-1.2605348,-0.34280902,1.82533,1.4900812,1.3787053,-2.389349,-1.0427451,1.7917966,-2.446806,2.386949,-0.89922416,1.0466895,-3.7341857,4.720755,0.23648034,-1.2214341,-0.5982265,-0.51011133,-1.2667074,-0.28030622,-1.0552416,0.31205145,-0.8171599,-1.4167761,1.456379,1.0654341
-0.53080815,0.47006613,1.7964308,-1.156914,2.1427405,0.94438404,0.28924677,-0.09989393,3.5605524,-0.49921998,3.361399,-5.005958,-3.5235875,2.9289286,0.77481174,0.61044484,-0.2734449,-1.0002167,-5.974313,6.362425,0.31968874,-3.2804692,-0.030898375,-1.6419454,-1.3336962,-0.30303302,-0.25795892,-0.57569146,2.285125,-2.3801713,2.094262,0.19956498
-0.016241487,0.73455906,1.225204,-0.44686332,2.340296,-0.46146178,-0.60975486,-1.5777781,1.6673778,1.6258526,0.9970773,-2.3972685,-0.33658358,1.9609497,-2.1608045,1.0592356,-0.24104816,1.367406,-3.407856,5.3058724,0.5627473,-1.2483903,-1.5483991,0.0075007305,-0.61846274,0.11821879,-0.61632776,-0.45032245,-0.39788434,-1.1646469,2.2632287,0.48717093
1.2432735,1.5451313,0.4879499,0.2712854,3.724554,0.7561941,-1.700942,0.09358686,3.2443688,2.3575284,0.39660418,-1.0514793,-0.8963535,2.8866448,-2.0229099,3.4220066,-1.421205,1.2200205,-2.7910242,5.6715426,-1.22061,0.014196167,2.429144,0.6863314,0.33940554,-2.5343697,1.803369,0.69488657,0.11966671,-0.29370958,-0.72181547,1.193405
-0.58349776,0.40134338,2.39627,-3.845528,1.4119245,3.404312,-0.3462656,-0.1729366,5.170094,-0.037494272,1.3725575,-3.6741982,-3.4622355,3.6538568,2.2199295,0.52846634,-1.5752544,-1.1206307,-7.006585,5.139724,-2.027448,-2.8992593,2.7288892,-0.2793981,-0.30688858,-2.402711,0.48380148,-0.31252122,2.2461355,0.49052632,0.3228607,-1.6773729
-1.7467575,-0.9307091,3.333818,-4.2838554,0.710293,2.8012629,3.28094,-0.32951576,2.010282,-1.0179151,-0.63929474,-0.37290448,-2.6931856,2.0437055,8.41038,0.7629512,-1.442326,-3.4557898,-4.900275,-0.46458524,-2.8919613,0.34328943,3.0632277,2.689902,-0.50365865,-3.1643932,4.521161,0.90800446,2.383631,0.2947889,1.0969375,-5.890091
-2.0490174,-1.6585863,2.52188,-4.020794,1.2990897,2.4513214,3.4608035,-2.0253167,2.2232723,0.21787502,0.21702187,-0.16872244,-1.7801838,2.1764634,7.847875,0.877171,-2.4633484,-2.5255058,-4.6150274,-1.4227922,-2.0829177,-0.04399733,1.0042713,3.118846,-1.3105069,-3.6524901,6.0523977,-0.95909524,3.397084,0.18931729,0.7741872,-6.5917726
-2.5922525,-0.43163064,4.6235003,-5.300307,2.5770154,-0.10904935,5.927114,-2.1903114,-0.62827975,-2.030542,-2.950164,-0.48199224,-4.616039,2.4913814,7.5422616,0.7297731,0.7712149,-4.143265,-7.512724,-0.0708637,0.029292982,-0.85357404,3.358844,2.8448365,-1.3450584,-1.2550715,5.895534,2.3586075,2.9576817,0.11136136,1.4727408,-6.697072
-1.6005752,-0.4690868,3.9780734,-4.7895837,1.1373436,3.205589,3.3924716,-0.78651756,2.3848593,-0.45892656,-0.30909747,0.06282158,-2.6791463,1.8279684,8.8678255,0.8287342,-1.7630379,-3.3999794,-5.29035,-0.63317823,-3.3897305,1.0927252,3.9047267,3.5051982,-0.50462735,-3.6940875,4.769722,1.1073805,2.6241531,0.38336328,0.95079136,-5.773753
1.6395779,0.91210127,0.7377111,-0.8273524,2.7509792,-0.20768812,4.5866227,-0.8805598,6.4135695,1.4737215,-5.210671,1.520382,-1.9691584,-2.3008356,6.0052505,-2.714955,-0.7097318,0.2800091,-0.23597786,-0.7416464,-4.3374763,-1.4324803,7.852265,4.028276,3.071802,-3.0136666,7.162612,-3.1626084,2.9694963,5.593275,-0.13219656,-3.570619
-1.7176841,0.1305147,0.5409008,-0.75152075,2.4209738,-0.2691713,4.7803397,-4.2069225,4.12412,-3.766942,-8.2475815,-2.6226127,-2.4763484,-0.58517784,5.2667685,-4.689083,0.48131087,-2.0475364,0.21507698,0.7590178,-4.732725,-0.9564381,6.9247727,0.36310056,3.00053,-0.98746365,9.999541,-0.9197815,2.1920514,7.5473757,-2.5284557,-5.737841
1.197509,-2.9822407,-0.4871326,-0.97950894,2.0740678,0.2889631,2.9575922,-1.9380912,6.895296,2.0408888,-4.7638993,-0.22828622,-1.2571317,-0.17280726,2.7109933,-4.4557104,1.1009474,0.69517505,-1.2543871,2.020884,-2.1648111,-0.7933204,5.874923,3.5519664,4.7346406,-1.1066886,6.0459957,-5.381329,2.9593036,5.549204,-0.97778654,-0.9515581
1.5443357,-1.6413448,1.6782453,-3.86522,4.7322884,-2.008631,7.045104,-3.7953024,3.6055655,2.760622,-6.167245,1.6798484,-2.0011833,-1.5347931,2.298082,-3.1542277,2.5713634,0.6625224,-3.1883533,0.0013913356,0.7341362,-0.23506148,7.079541,4.3369303,4.072363,0.8750913,5.285542,-2.9286232,3.1879249,5.4251995,-0.5207266,-0.67405593
-3.130278,-2.3012707,-7.467291,3.766903,0.81098723,-5.1623616,3.0213814,0.38017377,-0.3774215,-0.27793983,-0.3095709,-2.4316425,-5.1120243,9.839324,3.8394432,5.3290086,3.5379345,-5.14523,-1.1924765,11.193465,2.729277,9.879612,6.2534256,-1.5465539,3.5972502,-1.2412008,9.84223,0.5307642,8.758583,-7.979219,-5.312983,1.4192204
1.6717721,-1.5905434,0.4676538,-0.114114694,0.10751975,-1.1727756,0.3927104,-0.5792963,-2.314164,-1.7996111,-0.30819935,-4.763967,-2.3492355,3.792956,-1.5140326,1.3076224,1.1513793,1.7996504,-0.46604198,3.624292,2.559467,0.31816986,-0.9914332,-1.9592917,0.78187275,3.8163013,-0.445729,0.5244107,-2.3769937,-2.4628427,1.1068963,-1.2827495
1.8807731,-1.3278794,0.32667878,-0.48214647,-0.084011644,-0.9962501,0.3935328,-0.85057986,-2.2354362,-1.5138236,-0.6089489,-4.4246564,-1.8198174,3.833793,-1.6190244,1.57828,0.95832634,1.569032,-0.07363343,3.3924417,2.469514,0.3715677,-0.94532543,-2.0604372,0.80247104,3.3150878,-0.2295359,0.88053566,-2.1860151,-2.0466013,0.79766154,-1.417276
1.872361,-1.299628,0.31279004,-0.5017156,-0.09032673,-1.0090197,0.38273484,-0.8654114,-2.2386017,-1.510318,-0.6062377,-4.4027405,-1.8092399,3.8222764,-1.6038208,1.5539197,0.95496666,1.5447338,-0.068468094,3.367526,2.468301,0.3702275,-0.946147,-2.0630438,0.8038806,3.275793,-0.20643866,0.8822839,-2.1723943,-2.0608814,0.78202057,-1.4135176
2.8238647,-3.6148484,1.1399039,-1.5766002,-2.659263,0.30744678,-0.8111258,-2.0900419,-1.473028,-2.2267146,-0.2233441,-4.766614,-2.3250725,5.6645427,0.42234293,-1.4409168,0.15671167,0.6485317,0.74830353,3.6351614,1.910337,1.3478645,-0.76821357,-2.2692068,2.5273683,2.345538,2.09921,1.2694654,-0.34778866,-1.4349803,0.00034198514,-3.0812173
2.0964513,-3.9457197,1.5583934,-1.8100708,-1.6604042,0.093882814,-0.6422863,-2.6099122,-1.8319459,-2.9734588,0.21925332,-4.577628,-2.2869732,5.2910075,0.7938265,-1.3989834,1.0869277,0.2535844,0.5551392,2.4190483,2.6024575,1.8323451,0.13389939,-1.907317,2.9602783,2.2772882,2.325527,0.90794563,-0.70524824,-2.1273797,-0.97648233,-2.1046789
1.5324504,-1.1782689,0.26755822,-1.8962865,0.803427,-0.71037555,1.3769144,-2.3828104,-2.1263845,-1.4330693,-0.42986104,-4.215472,-1.0624617,3.6101658,-0.981137,2.5526576,0.9229459,0.8452749,-0.684622,1.3858751,2.6572173,0.6264853,-0.07698092,-1.4963746,0.7284488,2.8412867,1.1034076,1.3712684,-1.4792678,-2.052745,-0.41195908,-0.8716893
2.3574407,-4.0438504,1.9813937,-2.920082,-1.3251349,1.2621657,0.37197056,-3.5655336,-1.5461692,-2.1144526,0.6711416,-4.414281,-1.5520277,5.6193323,1.0268857,-0.2543847,0.3471607,-0.19606641,-0.26694244,1.1086673,2.6162171,2.7278392,0.81733406,-1.0987663,2.763863,1.9362216,3.2374358,1.4450496,0.26219293,-1.5519964,-2.212724,-1.8078663
2.317036,-3.9759443,2.0016408,-2.958867,-1.3433831,1.2506934,0.3312381,-3.616666,-1.5177206,-2.1547594,0.67168176,-4.3547797,-1.5235223,5.6032457,1.0357118,-0.27015805,0.35160556,-0.24719462,-0.25621194,1.0110699,2.5943613,2.7527733,0.906911,-1.0957992,2.7828276,1.8342185,3.2557044,1.463187,0.3052712,-1.5317813,-2.3278296,-1.8235276
2.319093,-3.9902134,1.9907249,-2.9503808,-1.3354551,1.2513633,0.32966545,-3.6072607,-1.520719,-2.1451855,0.674774,-4.3647428,-1.5263906,5.6079054,1.031182,-0.2710527,0.35118747,-0.24027367,-0.25861478,1.0341766,2.5977604,2.7540698,0.89374167,-1.0962394,2.7832034,1.8442773,3.2566721,1.4552966,0.30174306,-1.5360143,-2.3159978,-1.8089497
2.8075712,-1.1534399,0.6745336,-0.94361734,1.1207001,0.031208105,0.34366456,-0.653867,-0.6194336,-0.81386286,1.7369883,-3.486925,-0.701655,3.3605242,-0.9906473,3.8190525,-0.44885406,1.7012608,-0.55424494,0.7947134,2.1192482,-0.056979287,-0.5131293,-1.1806153,0.47271013,1.8374397,0.8512651,1.1875094,-1.3779516,-2.202775,-0.28431016,-0.5920005
2.7850285,-1.1103706,0.6815027,-0.95871097,1.1013764,0.023110848,0.32693148,-0.6729583,-0.6026893,-0.8205257,1.7297307,-3.429353,-0.68035316,3.3466012,-0.98816437,3.8056412,-0.43925437,1.668583,-0.53433573,0.75430113,2.1058352,-0.04590838,-0.49072665,-1.1896851,0.48510116,1.7847278,0.8612981,1.1912823,-1.3659164,-2.206581,-0.3079725,-0.6313889
3.3136935,-3.9508882,2.1302614,-1.0935279,-1.3575802,1.1390501,-1.4557769,-1.504045,0.6916097,-2.3397326,2.2270262,-4.0932875,-1.46117,4.76762,0.624572,-0.33195755,-0.52997553,0.5951753,0.4534764,1.6781934,1.7158087,0.62595046,-0.305831,-1.7707154,2.8694706,1.0628663,2.139946,0.7924529,-0.4032561,-2.2595806,-0.7510062,-1.6775116
5.269961,-2.4142075,1.3319876,-1.8337085,-2.096996,2.1762302,-1.315083,-0.7482202,0.99694127,-0.5110295,1.1609396,-4.508537,-1.970196,4.966478,-0.40135816,0.103826895,-1.3345774,2.3777206,0.23601218,2.1930697,1.9897491,-1.440127,-0.17842028,-1.0311426,2.951555,1.1066068,1.0232718,-0.32631782,-0.7258995,-0.6165182,-0.8666799,-1.5325387
-1.770752,1.8345755,0.49201858,1.8841971,0.90533066,-0.5071017,1.0421062,0.20269391,-1.3669529,0.012308703,-1.1005964,-2.9525106,-2.0185292,1.688484,-3.290958,3.9660945,0.84507746,0.61674976,-1.4694142,2.9865098,0.7854159,-0.6546989,-0.8358336,-0.6598872,-2.8131492,2.5720263,-2.256617,-0.10117986,-1.2366267,-0.6860629,0.16694923,-0.6554624
-2.426024,0.95385444,0.5436139,-0.90976256,-0.1739564,2.4591413,2.547372,0.01295725,0.82394254,-2.6757054,-1.432948,-6.09344,-3.485737,2.79939,2.2261035,1.5409733,1.043771,-3.479675,-4.150094,5.58271,-0.15932809,-3.1864243,-0.9537185,-1.5782042,-3.8469388,0.24335457,-0.6351275,-2.035111,3.0460224,0.7859605,1.2007579,-2.6973019
-1.772187,1.8554302,0.5029142,1.8985307,0.90563744,-0.50357175,1.0446874,0.18139309,-1.3522568,0.01198057,-1.0903469,-2.909977,-2.0170364,1.6676974,-3.2755363,3.9547403,0.840168,0.6030093,-1.4554846,2.9518883,0.79119503,-0.66623,-0.83264625,-0.6495473,-2.7895794,2.5442424,-2.2395043,-0.1293005,-1.2106478,-0.70153755,0.16747987,-0.66839737
-1.3134742,1.3664348,0.80812263,2.141372,1.5079442,-0.81938523,0.6172235,-0.20306602,0.093067035,-0.47314838,-0.037237167,-2.7767334,-0.7329245,1.2787141,-2.9024038,4.125141,1.2834352,1.2294021,-1.0395253,2.6289396,0.85056156,-1.4041005,-1.215517,-0.9122187,-2.3232245,1.8170019,-2.4030526,-0.638081,-1.1534083,-0.8006305,0.29522976,-0.9066962
-2.6866767,1.1667472,0.020115979,4.1243043,1.5088556,-1.8381457,0.6883173,-1.5416393,0.7310438,0.33178234,0.98851705,-2.7738461,-0.45941433,1.1140779,-3.3536432,4.3484035,0.44571558,2.4502559,0.4223894,2.457045,1.2935948,-2.2117538,-3.1826606,-0.88107497,-2.9446373,1.5764554,-1.4481581,-2.5926394,-0.13825296,-1.4903111,0.54180634,-1.850871
-1.7776495,1.8694513,0.50621843,1.9009095,0.9042644,-0.5024817,1.0417048,0.16770011,-1.3465126,0.013908691,-1.083352,-2.8825638,-2.017565,1.6544578,-3.2668722,3.9414508,0.83486915,0.5911925,-1.449534,2.925305,0.7932256,-0.6736969,-0.8306448,-0.64094514,-2.7758272,2.522963,-2.2250953,-0.14359902,-1.1970248,-0.7100956,0.16173686,-0.6703069
-1.9353375,1.4377418,-0.1679567,1.4199955,1.04606,-0.5915796,1.9797262,-1.2629054,-1.9339716,-0.039148074,-1.6156551,-3.0501387,-1.191211,1.6356293,-2.9414604,2.8665807,1.1921948,0.9215927,-0.91951716,3.106207,0.94066286,-0.5722425,-1.7208056,-0.27846065,-2.1241398,3.0652997,-1.6987067,-0.7095532,-0.6830785,-0.40422803,1.000551,-0.99305546
-1.3114096,1.3849714,0.8128476,2.131903,1.5119864,-0.8245957,0.6155615,-0.21941577,0.104915984,-0.461663,-0.027668435,-2.7507973,-0.73508656,1.2626309,-2.8926897,4.108045,1.276029,1.2156594,-1.0503876,2.601762,0.8557802,-1.4037502,-1.208394,-0.9020319,-2.314266,1.7939488,-2.391798,-0.6507316,-1.1353706,-0.8149734,0.29303023,-0.899636
-2.6836734,1.1802099,0.029848611,4.1218715,1.5156624,-1.8412992,0.6821621,-1.5512187,0.7427528,0.34726697,0.9924542,-2.7462091,-0.45331928,1.107474,-3.350611,4.3457265,0.4442851,2.4438179,0.42006212,2.4506705,1.3014327,-2.2127974,-3.178639,-0.87299424,-2.931828,1.5539362,-1.4416142,-2.6029637,-0.13170701,-1.501667,0.5447768,-1.849437
-1.8378118,2.7470655,2.669477,1.9972842,3.2174094,-1.6401762,4.720409,-1.7549732,-0.8253485,-2.4045727,-2.9287815,-3.9373262,-3.8197408,1.6660011,-2.9855952,4.7968335,3.0340643,-0.4378041,-3.9866457,2.1290536,2.8579588,-4.5185323,-0.99834836,-0.61073464,-3.5351014,4.266506,-0.79061824,-1.0262425,-0.3935316,-1.0910083,0.86864156,-3.6499999
-0.5387355,1.0091269,0.46548697,1.0969539,2.0261586,-0.2473953,1.9742273,-1.9112761,-0.90251505,0.57574964,-0.47726327,-2.4425027,0.12581722,1.0010602,-2.373311,3.3857553,0.9754782,1.9028479,-1.0635691,2.3202596,1.2248573,-0.82590526,-2.0422382,0.8132978,-1.3765588,2.3911092,-1.9533291,-1.1789889,-0.33819488,-0.18558553,1.3133451,-0.45940533
-0.43106464,1.57707,1.1934329,1.4816865,1.9467509,-0.2792402,1.11366,-0.6105045,-0.14215712,0.44592366,0.16460857,-2.113593,-0.6231997,0.92694604,-2.6607997,4.3161116,0.78440726,1.3826953,-1.4649552,1.7062093,1.0816545,-1.0701065,-1.1598712,0.23651718,-1.9325399,1.793997,-2.394107,-0.6906507,-0.7923971,-0.5624118,0.43953508,-0.060664244
-0.79675376,1.803978,-0.02630155,3.1314347,-1.3369609,-2.8809776,-0.34625736,0.8384655,4.2931004,2.280046,-4.8067756,4.362875,-0.93595326,1.6723546,0.63588685,1.6137975,3.2731965,0.08743456,2.4537654,0.8860224,0.51394504,-2.486372,4.2336745,3.9341786,1.1229268,-5.1936326,3.1642647,-3.9866986,1.0762635,2.356905,-3.1318388,-2.120422
-1.6943917,0.97814447,-0.113174915,3.9934154,-0.16705546,-3.091855,0.07020757,-1.9462119,4.089726,3.9889398,-4.281104,4.118253,-0.35333484,1.3459709,-0.060291316,1.97722,2.0850859,1.1994326,2.367476,0.7771943,1.045288,-1.8730623,1.7687739,4.969069,0.23405278,-5.117348,4.285082,-6.6952205,2.019087,2.4206305,-3.441639,-3.3664403
-0.79458517,1.7093089,0.04799898,3.054792,-1.418223,-2.7862947,-0.40701634,0.8363502,4.2544765,2.3498652,-4.6284204,4.3195477,-1.0189714,1.6278841,0.63882107,1.4143702,3.2439716,0.20456934,2.27923,0.911348,0.5197191,-2.4908733,4.150072,4.0136943,1.0844629,-5.025518,2.940571,-4.048749,1.1158761,2.2567334,-2.9908016,-2.0422761
-2.8332763,-0.91653275,-0.27303997,1.0512013,-2.0176,-2.3491282,1.8252765,-1.0864896,0.095649704,0.19417933,-8.21641,3.4664917,-3.3460872,4.236948,0.15922077,-1.7260855,3.1115294,-1.8622395,1.3734818,1.5796701,1.8167709,-0.7161281,3.625408,1.9430537,3.807913,-2.2877207,4.960434,-3.6220453,1.3775922,3.327966,-4.6557374,-4.691305
-3.2193892,-2.9724011,0.95520365,2.6895127,-1.306132,-3.8391557,2.506229,-2.5023046,0.9337097,-0.2935088,-7.2253428,4.2061706,-3.2678652,4.0874424,1.4242318,-2.6187675,3.662253,-3.800122,1.7535768,2.066043,2.4015162,0.52310336,3.2532263,1.4668624,3.7591925,-2.5900319,7.751154,-2.8694017,2.9142725,1.1633393,-3.6101868,-4.2894316
-1.9731313,0.23651122,-0.67472714,1.3680948,-2.0941901,-2.2291858,1.988302,-1.0772982,0.068939686,0.9457889,-7.75108,3.6700215,-3.248486,3.8357987,1.2081465,-0.9934637,2.80856,-1.0298328,1.7285811,1.4044902,1.469611,-0.38685933,4.025723,3.3467379,3.319633,-2.6771812,5.1163063,-3.8660169,2.0962002,3.0718963,-4.019564,-4.60902
3.4929435,0.32510903,-0.27392137,-3.6652853,-0.09780032,1.7771089,-2.0112417,1.4273205,3.1125562,4.2461195,2.4949267,-0.7786822,-1.6755329,1.4549367,0.26392978,-2.463913,-2.979028,0.10741761,-0.86627847,3.1846337,-1.7122201,2.4294708,4.6340346,-0.12838931,2.6625865,-2.974942,1.3551211,0.7734947,2.4031565,0.5771281,-1.8920856,4.1140013
2.74528,-1.3097205,2.4072719,-3.7578967,-0.28035927,3.4915214,0.2366924,1.7466733,5.116201,1.9099288,3.2486308,-3.1771936,-3.498734,1.1995543,4.785681,-4.16472,-3.821408,-2.625547,-3.9634316,3.4542837,-2.8289597,0.588384,4.2525363,-0.3077757,1.1512779,-3.210946,2.1339712,0.5155492,4.4716973,-0.46280265,0.5569726,1.6255735
4.147422,-0.14214441,-0.49805242,-3.0857701,1.4221168,1.7654779,-1.2189367,-0.72428244,3.7427726,6.1925664,4.0972614,-1.0578156,-0.8579596,1.1651366,-0.5141044,-2.275931,-4.8697743,1.8991057,-0.39570704,2.2066338,-1.0879502,2.3499343,2.580503,0.919494,2.5098453,-2.891291,3.554851,-1.2536547,3.1006198,0.35333154,-2.086721,3.3579946
2.8121834,-2.0091634,2.3536315,-4.108053,0.7854586,4.1903663,0.6754939,-0.42059648,6.098975,3.44714,4.5777493,-2.6546023,-1.5192786,0.9353301,4.738593,-3.8445473,-5.132434,-1.5849811,-3.2866917,2.2253811,-2.8371117,0.7710986,2.3870945,0.51027226,0.64518136,-4.132404,3.9629626,-0.6570235,4.9345365,-0.39444977,0.91300684,1.0215293
3.416186,0.49130628,-0.06540387,-3.8164482,-0.254041,1.7709593,-2.110573,1.2219161,3.2122312,4.11677,2.5251462,-0.66993034,-1.6527883,1.4663491,0.32260484,-2.4658418,-2.8786516,0.08366933,-0.91806275,2.9929698,-1.8579863,2.559743,4.8706794,-0.051781625,2.6726978,-3.0472336,1.2562411,0.92415327,2.474458,0.5880395,-1.9858733,3.9102466
2.6947806,-1.1757125,2.4863064,-3.8354132,-0.34661263,3.5102422,0.12726991,1.6693118,5.149393,1.8907269,3.2736297,-3.0990453,-3.5279045,1.191553,4.8136606,-4.177379,-3.846516,-2.6664214,-4.025195,3.371219,-2.9198477,0.6793956,4.4024897,-0.25049192,1.131213,-3.339736,2.0665863,0.5772356,4.496082,-0.4960307,0.45522687,1.617716
4.0203023,0.099247426,-0.10002163,-3.2778711,1.266748,1.8991872,-1.1729604,-1.1163678,3.6599686,5.8932943,4.0140834,-0.91656,-0.82679266,1.2209612,-0.2820588,-2.1454911,-4.7624245,1.7185355,-0.44764778,1.9122437,-1.2412614,2.6214514,2.8785012,1.032261,2.4593232,-3.0099127,3.4690964,-0.9280236,3.205751,0.32786044,-2.2051494,2.923268
2.766413,-1.8959686,2.4401512,-4.2075667,0.7494048,4.17649,0.6114225,-0.50993997,6.117259,3.4604046,4.5860796,-2.5713975,-1.5422385,0.9060379,4.795939,-3.882293,-5.173555,-1.6363804,-3.362375,2.1528852,-2.915612,0.8653406,2.5249114,0.5736317,0.60777575,-4.2533946,3.935109,-0.5851669,4.970877,-0.41909617,0.84906405,1.0256084
3.3783689,0.5322096,-0.13221835,-3.7243772,-0.1499112,1.7428322,-2.124596,1.2734545,3.2100346,4.1382957,2.5089588,-0.66772,-1.6284822,1.4256784,0.3366714,-2.403157,-2.9357743,0.047801565,-0.91154045,3.1015608,-1.8891125,2.5794265,4.8572316,-0.07838223,2.6278098,-3.1204307,1.2942638,0.934901,2.4637382,0.5691331,-1.9344887,4.002815
2.6802888,-1.1386251,2.510745,-3.853252,-0.36616737,3.5144742,0.10016431,1.6478345,5.1572146,1.8791828,3.2786047,-3.0803814,-3.5369687,1.1874253,4.822137,-4.1783094,-3.8525248,-2.6808999,-4.0410323,3.3445776,-2.9435341,0.7002701,4.440832,-0.23731062,1.1236389,-3.3715475,2.0454473,0.59423226,4.500476,-0.5066317,0.43127087,1.6119497
3.2251098,-0.9342512,0.64408076,-1.7701635,0.4818843,1.0884526,-1.7421852,0.18773645,3.8822653,3.6107893,3.580197,-0.9118344,-0.47793704,1.9024142,1.8247582,-2.4575207,-2.5908296,-0.87870556,0.096396886,4.135699,-2.0973306,4.5667076,4.122141,0.21419261,2.412398,-3.787063,3.8812606,1.7483093,3.4608579,-1.1597697,-1.2716202,4.12725
1.8747417,0.007430613,1.4931556,3.6353343,0.44921243,0.9902335,1.1022685,-0.7908437,-2.4832256,-2.4596314,-1.7200893,-6.2341666,-4.210279,0.8587727,-0.45266813,0.42948732,-0.83922553,-0.021608125,0.8375534,5.743474,0.99781245,2.6481006,-1.4402416,-1.7807121,-0.31321716,3.78381,-2.2715297,-3.6539276,-0.15678409,-2.0239117,1.8364062,-0.31713757
3.3524542,-3.746228,2.0929928,1.7230004,-2.3085115,1.8917464,-0.4234841,-2.5750127,-0.80599713,-2.8501081,-1.4567908,-6.502035,-3.885582,3.0869634,1.074984,-3.4191532,-0.7490254,-1.7526435,1.967943,6.879411,0.7839037,4.833879,-0.54143995,-2.53627,2.5725348,1.9949092,0.20213906,-3.1501985,1.6132493,-1.7542399,-0.0030653523,-1.5540856
2.4799147,-0.18067992,1.7812837,3.2688506,1.0331808,0.84922767,1.0669421,-1.5837278,-0.76604664,-2.6458006,-1.0171564,-5.54271,-2.4356465,0.4486047,-0.4070281,1.3286786,-0.6697358,0.11256167,1.0904626,4.883491,1.07638,1.8974693,-1.6966072,-2.177299,0.15402563,2.6561394,-2.3162277,-3.6951396,0.21356435,-1.7184043,1.6203554,-1.2104101
2.395605,0.26286045,2.2323318,3.9603398,1.1099429,0.67049336,0.55506635,-0.2787707,0.02376643,-3.0372195,-0.30324912,-5.3517923,-2.7584817,-0.2257575,-0.2852009,2.7463686,-1.1053535,-0.17470416,1.0173748,3.7675333,0.7501206,1.90038,-0.50746226,-2.522786,-0.3560187,2.209491,-2.662378,-3.3551404,-0.09067434,-1.9826878,0.7428841,-0.6726503
2.374547,0.33568546,2.194152,3.8615024,1.1203353,0.72429186,0.5867148,-0.3114242,0.009277761,-2.980212,-0.26092374,-5.2739997,-2.777602,-0.27924517,-0.2288701,2.6925888,-1.1520694,-0.22994928,0.9823886,3.6307871,0.7639606,1.9037632,-0.4515691,-2.4785848,-0.30598113,2.133082,-2.612107,-3.4140844,-0.00035585577,-1.9789706,0.6505841,-0.58210903
3.5762703,1.3242799,0.65390056,4.0560503,1.9967695,0.9839092,0.5477914,-2.0624557,-0.044988032,1.0484254,1.2649456,-5.4576507,-0.61227024,-0.43162018,-1.4883327,3.376284,-4.4776435,2.084347,1.6162274,4.085466,-0.41339672,3.7627413,-2.7963095,-0.30987725,-1.3861122,1.379086,-0.744557,-3.3721745,0.64102554,-1.3589039,0.81929326,-0.084962495
3.6628578,-4.9055257,2.2707322,0.07246813,-0.8952691,3.0609481,1.5017768,-4.147242,0.21477982,-2.0089104,-2.2765577,-5.3687882,-3.5237596,3.7149274,1.3585339,-2.0291398,-1.2086574,-2.1577938,0.9117713,4.5981345,1.40025,5.866906,2.4078915,-1.773025,4.803293,1.8968276,2.786957,-2.8178844,2.5902214,-0.79358375,-2.7691445,-1.3109102
-3.1389925,0.75958645,-0.73963034,2.9033194,5.7111006,0.63053143,2.2819033,1.4391526,-3.6205242,-0.24974337,-6.115464,-0.39334056,-5.322735,2.470375,0.113427095,-1.9426085,-1.1360172,-4.8723373,-1.6806914,6.8168573,0.42496493,-0.58795667,0.015435264,-0.30125305,2.537443,-2.1675777,5.7161226,-2.6215398,0.29119587,0.9822883,-1.4807267,0.20804459
-3.0248435,4.285264,0.43340454,3.4420974,7.5989985,-7.426268,1.7028415,2.3175921,-2.443226,-3.74139,-9.57138,-0.69738394,-7.7493033,-0.8269664,-2.4233162,2.1216805,1.7314984,-2.330364,-2.0663333,-0.81949955,1.8104668,-5.837035,6.2876062,-0.17674768,-1.9329679,-2.4544754,4.079837,-1.6476157,-2.0500817,3.9882283,-6.8015904,0.44532603
-3.0270543,4.3185315,0.4646201,3.4421587,7.6215844,-7.4362493,1.6995667,2.3173828,-2.4439254,-3.7576828,-9.583914,-0.695445,-7.7639236,-0.8456513,-2.3995786,2.0771632,1.710225,-2.3411682,-2.0761664,-0.83033377,1.7826504,-5.837578,6.3032417,-0.17471863,-1.9347616,-2.479865,4.1036463,-1.6281844,-2.060584,4.0049367,-6.816079,0.41674697
-5.223778,3.8305213,-1.9903752,4.6593504,5.7701645,-4.720221,-0.5786822,0.90060604,-0.549896,-5.99899,-9.523579,-4.3221865,-6.0486083,0.027734233,-1.7427223,-1.7217221,0.6671926,-2.4714022,0.99920654,1.0971771,-3.3443897,-4.8608403,5.377464,-2.1874068,-2.0995767,-2.4712288,8.169708,-0.37420136,-2.738501,6.2623706,-7.616997,-0.2102036
-3.9978178,3.3992527,3.5857425,0.35846397,7.2200055,-5.1133866,-0.5632679,1.3917676,-2.7195575,0.41591454,-14.949127,-0.18431316,-5.0483255,-2.753718,4.69251,-9.1830435,-1.0233015,-3.9421546,-6.705297,10.952171,-4.6446486,-2.6179864,1.3101898,4.567764,-1.2410583,-6.1222606,5.211928,-3.725324,-4.382421,9.541913,5.4967313,-5.93065
-2.7271035,-2.773031,-1.6367615,3.338765,-8.757289,-0.631621,-2.963601,-3.6197717,3.429383,-1.8313047,2.0337083,-3.2137778,-3.3074331,8.347088,1.4025038,2.3476937,2.310594,4.448386,1.3105655,0.39755672,-0.13350688,-0.1531063,1.333167,3.2917967,-0.21883503,1.5268604,3.943312,-2.2383523,1.7154979,-3.2131913,-4.0925574,-7.626326
-2.4028456,-2.2918315,-1.6724614,1.9319651,-8.838761,-0.45830795,-1.3723764,-3.55338,1.1469197,-3.866415,-0.90250766,-3.9195569,-4.2926984,8.76807,1.8427237,1.5812047,5.0307407,3.048611,0.8799725,1.5655274,0.51585907,1.1097331,3.6410892,3.0067623,1.2101802,3.6226664,3.4710505,-1.0560093,0.44838116,-3.190662,-4.022813,-6.921063
-6.2616787,1.462763,-3.7419896,0.7382086,-1.6708097,-2.4784894,-1.7781974,-0.7965586,-1.3888141,-0.84614164,-4.732856,0.21622747,1.6357803,3.4824913,0.9445809,1.9069256,3.2665799,-1.5311416,-0.736584,7.3453774,-2.2802718,3.5399494,0.2423806,1.2010045,-1.4401731,-1.8459675,0.73349816,-0.13999775,0.7562561,0.46613336,1.6020858,-3.9354146
-5.1020536,2.4367902,-2.6494043,1.5901612,-1.1727374,-2.4749284,-3.1185267,0.098683804,1.531074,-0.29765886,-3.0652695,0.6304726,2.1838105,2.3004103,1.1101172,3.221645,2.9717026,-0.9911204,-0.14980729,6.2424464,-3.0520735,2.2307982,1.2292919,1.1520866,-2.264116,-3.603893,0.24592203,-0.008054215,0.5039952,0.19682045,1.3549234,-2.940125
-5.844308,1.8523251,-1.5501453,0.72004104,-3.8696847,-4.3954496,-1.3109195,-1.1100101,-0.96342766,-2.278653,-6.3140597,1.6946242,1.0302013,2.250874,1.7107768,0.18549213,4.970123,-0.21478805,-0.14809841,6.203051,-1.9525144,2.407462,0.9601252,1.1576762,-0.7165689,-0.6094121,-2.1900005,-1.0980204,0.13242368,1.2677467,3.0246627,-8.041417
-5.145255,2.6033533,-2.5661652,1.4657636,-1.1571289,-2.4296315,-3.160963,-0.05194081,1.5754812,-0.31377468,-3.0469642,0.70458436,2.2413633,2.2481244,1.1740878,3.235739,2.9440231,-1.0514379,-0.18740408,6.149753,-3.130919,2.2844768,1.3736336,1.2345935,-2.2636616,-3.7317624,0.28056237,0.0007721179,0.56022537,0.22668938,1.2714506,-2.9708676
-5.555659,-1.4997938,-1.4468325,2.2023969,-0.93739533,-5.2675023,-3.280751,-1.0266649,-0.17871036,-0.8076162,-4.1814938,1.1428795,2.4332871,4.1634502,1.7315801,-1.5619069,3.7672787,-0.9281004,0.6791149,10.906775,-3.5478175,6.1934257,-0.023141233,0.8502896,0.040489018,-2.6447248,3.1132226,1.2507073,-0.48091418,0.18880005,3.2700171,-6.187926
-4.2894163,-0.8332494,-0.5663872,3.1658974,-0.7356585,-5.4110904,-4.7724237,0.14988633,2.6596515,-0.2337039,-2.4558432,1.5734234,2.7430592,3.173834,1.7082767,-0.28293085,3.3922617,-0.18949002,1.2534857,9.846766,-4.1116414,4.859028,1.0973433,0.8334279,-0.83336127,-4.3181233,2.5636222,1.4750829,-0.7730684,-0.33704042,2.9723988,-5.068595
0.108082235,2.5391943,-0.4045862,2.9374948,2.6764817,-3.9939837,-3.818522,1.5040008,-2.2499223,-2.4621854,-3.9625447,-3.9815078,-1.2604338,1.2619367,-1.8452344,-1.1883005,-0.69842607,-0.62520486,-0.3371078,5.5627084,-0.49700245,-1.2543383,-1.9534869,-1.2778083,-2.2992713,-1.684423,2.0093136,-0.17647323,-4.7296805,-0.23976903,2.2992523,-0.27905208
0.656714,3.029439,0.1754747,1.4950951,2.6364036,-3.3162374,-2.6482377,0.8404119,-2.104246,-1.9037894,-3.9952717,-3.0980804,-0.6303621,0.7641103,-1.56485,-1.2448332,-1.0516976,-0.86511767,-0.46751907,4.4375515,-0.6534512,-1.4870046,-1.7434099,-1.3020116,-2.1350904,-1.6422985,2.0015748,0.6063919,-3.8414073,0.62668407,2.429873,-0.99921066
3.0746684,5.357632,-0.75947404,-0.33583412,2.918702,-5.062302,-2.7257843,2.91947,-5.0592046,-0.411024,-2.4184253,-2.1243947,-0.98857653,0.91725254,-1.3851893,-0.98162955,-2.9570012,0.4182582,-0.12658569,3.887233,-0.46999487,0.63198453,-1.9909884,-1.9381272,-2.982291,-2.5799387,2.2598398,2.9486725,-4.277441,-1.0031496,2.0886786,-1.6653447
1.5778166,2.7562718,1.291998,2.7674527,2.9796805,-2.9058557,-3.3940227,1.8544514,-0.40415987,-2.2444983,-1.7240776,-3.4373906,-0.96644825,0.57251245,-0.61910504,0.59939516,-0.8351189,0.9211563,-0.87562275,3.758749,-0.6478392,-1.7030791,-0.7774201,0.024325393,-2.3786,-1.8809994,0.55278707,-0.5379017,-4.1837025,-0.16553935,2.422821,-0.45856786
1.7532415,3.1647546,1.4095517,2.0416906,2.9368489,-2.743731,-2.810249,1.6414952,-0.15161486,-1.9267154,-1.9565306,-2.9066174,-0.61473054,0.30638647,-0.5224354,0.6309138,-0.97851735,0.7060701,-0.8158572,3.3412814,-0.8339603,-2.1006618,-0.6838073,-0.22580399,-2.3697379,-1.9308542,0.70929724,-0.014227937,-3.809669,0.34463385,2.5141842,-1.0451336
1.505856,2.7124527,0.6850344,3.3043427,1.8887719,-2.1235676,-4.0866957,2.0830343,0.30416545,-1.8747623,-2.3929324,-2.5481238,-0.33303526,1.3536558,-0.7249117,0.40893236,-0.23088077,0.5867655,0.9107102,4.6628857,-1.4889327,-1.0521611,0.1324296,0.15032229,-1.2908494,-3.2173364,0.9575727,-0.26037538,-3.8157933,0.91161966,1.0576192,-0.34598112
4.6169457,5.415492,0.58528984,0.053472966,3.3422918,-4.5670524,-2.8267713,3.9469793,-2.7020247,-0.14740193,-1.0492636,-1.5546647,-0.35038504,0.11150998,-0.89040345,0.9755967,-2.6062899,1.1557801,0.30545452,2.7798305,-0.79950833,0.20174873,-0.5166161,-1.1033127,-2.7493422,-3.2750134,1.0822467,2.968841,-4.704876,-0.96459246,2.169122,-0.65008354
5.2607703,4.0338106,1.0054549,1.5242164,1.3110104,-3.8499482,-4.029289,3.4502623,-0.7800433,-0.22948188,0.18542123,-1.5101715,-0.41217974,0.5889559,1.1163013,-0.88087285,-2.9923785,0.7530536,1.8564471,3.0545564,-2.136792,1.2474626,-0.016283045,-0.4206994,-2.9373775,-4.928654,2.9873695,3.0636828,-2.7605884,-1.929264,1.9276397,-1.0599434
1.6020622,3.0307238,0.786935,4.1241803,3.643882,-4.333336,-2.8773685,0.21748076,0.4990259,-0.9357443,-1.4936188,-3.0365772,0.30201787,-0.41850984,-2.2229986,0.52509415,-1.5475382,2.560354,0.78774226,4.125706,-0.99266756,-1.3614997,-1.8392053,-0.24841003,-2.4483452,-1.314207,1.3410386,-1.0748727,-3.5214503,0.12408413,2.5181575,-1.1150726
1.2348624,2.8711147,0.13802142,4.8067255,2.2827923,-3.4226794,-3.7175941,0.61527616,0.9206248,-0.6539782,-1.8727554,-2.4052863,0.620541,0.45642716,-1.9997141,0.1874745,-1.0991248,2.1423695,2.2250934,5.0200806,-1.7887175,-0.61539024,-1.15733,0.10607553,-1.7363553,-2.713309,1.8556362,-1.1426334,-3.2452016,0.73839027,1.1727037,-1.123115
4.7145114,5.277901,0.11089539,1.710713,3.8727188,-5.884126,-2.503694,2.5575829,-2.1490822,0.68720454,-0.35204202,-1.7226473,0.3192913,-0.40328962,-1.9199266,0.62988824,-3.4147346,2.9924808,1.3088672,3.2430918,-0.80393404,0.54611546,-1.7360787,-0.9630998,-2.8604715,-2.4706483,2.0885875,2.056989,-4.030558,-1.3271109,2.5835502,-1.5125252
5.4223146,4.5457683,0.6505629,3.1291516,1.5612679,-5.6444373,-3.2586436,1.7420962,-0.039336707,1.0217944,0.44200292,-1.1046296,0.38691658,-0.12426146,-0.44431427,-0.95164245,-3.502609,2.136159,3.2634242,3.1242416,-1.9179175,1.2504742,-0.8865637,-0.34036964,-3.3420904,-4.4955454,3.9337838,2.5776982,-1.6179024,-1.7610843,1.6126263,-1.8685355
-0.8105563,0.744942,-0.19683526,1.1392895,1.2518741,-2.1393685,1.4067669,-0.05968501,-0.9477523,-0.5945056,-0.86219054,-3.2981277,-1.2199616,0.93178165,-1.4132934,-0.4590657,0.21814,1.0881038,-1.184694,4.2408996,-0.32598436,-0.053175323,-0.7844153,-1.921676,-1.0213305,3.208583,-0.2212075,1.3563302,-1.2461404,-1.3608571,3.2702851,-1.1410936
-0.6974774,0.8179325,-0.29685283,0.9449805,1.1503614,-1.9556127,1.4747221,-0.14862968,-0.86833376,-0.42939782,-1.0231726,-3.1093547,-0.9086982,0.9093933,-1.4306734,-0.37422654,0.1648423,0.9520034,-0.9699544,4.151279,-0.39631093,-0.053633485,-0.7959912,-1.9782277,-1.0063392,3.0157928,-0.10979931,1.5647404,-1.0891993,-1.0878173,3.2057784,-1.1714547
-0.015809605,0.35251567,0.062386367,1.0672903,1.797913,-2.194998,1.280807,-0.50418127,0.70279866,-1.0266473,0.14499451,-2.931468,0.20186786,0.7047445,-0.99156857,-0.040707268,0.5753429,1.6630193,-0.6646832,3.8228915,-0.28251246,-0.7504496,-1.0203997,-2.0666683,-0.5450204,2.2448926,-0.16675915,0.9905574,-0.8101891,-1.1910598,3.3312166,-1.7207258
-0.7119323,1.6516963,-0.9623856,2.969248,1.6276013,-3.4929345,0.041736815,-0.2048242,1.2900143,0.9934224,1.9003878,-2.9478495,-0.10352367,0.25537917,-2.0610073,0.8592,-1.6291397,3.3666062,0.12131886,3.726837,-1.0486423,-0.6616335,-2.0593724,-1.7532313,-2.6454873,1.2537107,0.37835118,0.42747602,-0.10918325,-1.5884672,2.8134062,-1.7572347
2.698064,3.8237302,-1.3676875,0.49567342,2.104785,-5.4548306,0.5104556,2.0650582,-1.2471888,2.4700813,2.2848258,-1.210505,-0.17713413,-0.24047068,-2.171406,1.1287886,-3.218548,3.9241743,0.74506,2.4595869,-0.79082674,1.0061703,-1.5294126,-2.8153973,-2.9784837,0.3636981,0.5571791,3.8501992,-0.87102556,-2.519489,2.6913993,-2.620479
2.2875671,3.9921398,-1.7062893,-0.00041610454,2.3295636,-5.571591,0.43828657,1.91106,-1.3080164,2.6826947,2.7646656,-1.228679,-0.20454805,-0.39275336,-2.2520134,0.9572597,-3.399294,3.584869,0.4051201,2.134301,-0.7983691,1.166688,-1.5240563,-2.988024,-3.091831,0.13138844,0.7145853,3.8953652,-0.5743128,-2.6873922,2.2020094,-2.0664246
0.1711797,0.5908538,0.60164154,1.5037435,2.1367195,-1.6091189,0.9938858,0.4685979,1.5501312,-0.75643134,0.6742002,-2.6262906,-0.73522335,0.45200235,-0.96934587,1.2107723,0.23800139,1.2598624,-1.3893821,2.847578,-0.30710316,-1.5303793,-0.1303506,-1.8205671,-1.1521132,1.7371237,-0.04511573,1.0180886,-0.86803156,-1.368982,2.5612385,-0.8399769
-0.017458282,0.5830033,-0.055386342,1.1991059,2.293472,-1.8274286,1.7064902,-0.7507775,0.8225744,-0.66095454,0.21204796,-2.876493,-0.0026622538,0.41976878,-0.64249164,0.19896661,0.39090574,1.7298806,-1.0072756,3.528122,-0.2790525,-1.1505365,-0.9612491,-1.4089789,-0.63315374,2.2423425,0.26618022,0.5471596,-0.34666216,-1.0348511,3.3996203,-1.2071439
0.8254399,-0.26582128,0.80038255,0.0014169887,1.6259698,0.3415081,2.8535063,0.7166,3.5724213,-1.7647829,1.9075689,-4.3468394,-1.9942263,1.3894542,2.1270988,0.35548937,0.19449076,-1.6390394,-2.8667917,4.092818,-0.3128194,-3.2558405,-0.06151615,-2.8252213,-0.76846516,0.91967237,1.264667,0.89274806,2.592332,-1.6975399,3.2122276,-1.2332296
0.45567748,-0.72887695,0.76804227,0.32541016,2.3015406,-0.46231097,3.3190932,-0.7443303,2.8824794,-2.2563963,1.9387255,-5.6054244,-2.1837387,1.6831312,2.410511,-0.91507906,0.8565374,-0.54399997,-3.5681355,5.307162,0.26181465,-3.0033128,-0.60836554,-1.9993024,-0.6175596,2.1912274,1.8183994,-0.12013736,2.7329552,-2.2657075,3.9792385,-1.6129204
-0.18978651,0.50767416,0.78681296,2.1687205,2.379999,-2.0680904,0.77159613,0.6237918,1.2119873,-1.2917035,1.214583,-3.3275294,-1.7647218,0.71551263,-0.64202726,1.0513412,0.29605326,1.7549212,-2.233348,3.1541665,-0.076746665,-1.337143,-0.09609507,-1.3934008,-1.2978296,2.2975037,-0.18805654,0.34676322,-1.1958305,-2.4133377,2.9240897,-0.79575783
0.1664474,0.6225023,-0.041037064,1.0364497,2.2033112,-1.7436601,1.7883343,-0.72729564,0.8864117,-0.5730951,0.057893466,-2.6158738,0.22035411,0.39913058,-0.64741296,0.25801653,0.34527218,1.5690784,-0.7568312,3.364308,-0.30346444,-1.1750287,-0.96648794,-1.5209574,-0.5340965,2.0325935,0.34987718,0.7269379,-0.3072281,-0.8199508,3.3540192,-1.2897336
0.26198193,0.71045566,0.59224635,1.3075956,2.1129034,-1.5105089,1.0704411,0.40009242,1.5733421,-0.61919445,0.55702156,-2.3810263,-0.5004368,0.35791785,-0.972438,1.2599708,0.16062295,1.101613,-1.1541202,2.718894,-0.36348093,-1.5438402,-0.12105691,-1.9281996,-1.0773339,1.5298332,0.038924273,1.184962,-0.7522152,-1.1526657,2.4929209,-0.88670975
0.53969353,0.52045226,-0.5490712,0.76992446,2.9628503,-2.2865055,1.9359932,1.5537984,-1.093601,0.41192093,-1.8556204,-1.3579668,-1.581911,0.9160181,-2.3946624,1.569352,-1.0876279,1.3702364,-1.296065,2.651953,0.3176639,-0.69787294,0.73360515,-2.2209454,-0.11419576,2.5567193,1.0342835,2.5627732,-1.8192635,-0.44503406,1.6293454,-0.86773616
0.4509373,0.50847733,-1.4120916,0.13691045,2.9285495,-2.6041226,2.6507013,0.2512363,-1.8833445,0.6659439,-2.4092915,-1.542862,-0.69934714,0.7895688,-2.1517856,0.43876046,-0.7631236,1.8949822,-0.70894057,3.132784,0.3820386,-0.2883385,-0.09101372,-1.8904096,0.47133732,3.0687554,1.1919267,1.9669938,-1.2183164,0.0051450552,2.4084547,-1.1651173
0.7991845,-1.9596202,0.45735994,1.7543453,1.7328137,-2.9977467,-0.526556,2.3362172,1.0856992,0.75586253,-3.3468184,0.41753668,-0.91669744,2.4048789,-1.288812,-1.390392,0.7724222,1.4458022,0.3196803,6.788376,-1.6787608,1.6959872,2.2242866,-1.6313981,2.8269238,0.9033657,1.6773906,2.4124854,-2.1934776,0.7641216,2.6228912,-2.6902452
0.07955113,-2.2494993,-0.43526837,0.8617857,1.8608392,-3.0961232,0.13753977,0.7617164,0.1962995,0.6149018,-3.2029524,-0.16633919,-0.239838,2.8963492,-0.8512428,-2.271908,0.8159763,2.4548843,0.27593553,7.537239,-1.8192499,1.8725694,1.0944316,-1.3132734,2.9592535,1.7222713,2.5261166,2.0296412,-1.5585966,1.1461301,3.1429336,-4.043632
1.5299947,0.20631617,2.1926749,-0.6726154,3.9648697,-1.1002692,5.9056606,-1.2271067,0.32701758,-0.31394392,-3.5617442,-0.3564235,-3.2531211,1.255315,-1.1381276,1.1287862,1.3489588,0.35543755,-2.8017306,1.2843937,1.7579936,-1.6033345,3.95823,0.21492855,1.8589154,3.5010948,2.9294305,1.9901516,1.0933573,0.77688146,0.20250815,-1.8147726
1.5157068,0.23427013,2.2269917,-0.6629306,3.9514205,-1.1098306,5.9008317,-1.2518709,0.33185259,-0.34205323,-3.5506334,-0.3366088,-3.263846,1.2472833,-1.1057657,1.120137,1.3494515,0.35369393,-2.7919462,1.2566862,1.7367144,-1.5875785,3.9857838,0.21861413,1.8595985,3.4908686,2.942029,2.0217195,1.1014742,0.7644897,0.20215099,-1.8518943
0.22312136,-1.0807579,-0.62691396,-0.032080196,1.7931752,0.62591076,3.2691505,-0.7231361,-0.84590536,0.39804673,-2.1075087,-1.0727899,-1.7840754,2.14872,-0.1054423,-0.2543906,-0.18957913,1.1105124,-0.27855125,2.4139123,-0.39605105,0.98362035,2.031046,0.2360268,2.3671381,2.5710144,2.900979,0.9397778,0.81563485,1.0043056,-0.34204313,-1.2435038
1.4402305,0.2899469,2.2426798,-0.67571604,3.974121,-1.133883,5.850837,-1.2794154,0.32954413,-0.35418382,-3.4887602,-0.30125308,-3.2871473,1.2278165,-1.0817131,1.070141,1.3343807,0.34365186,-2.8079805,1.1926332,1.6996087,-1.5550044,4.039146,0.24604978,1.8537848,3.429426,2.9867654,2.067389,1.1104466,0.7455253,0.13289915,-1.8352987
0.17965388,-1.0277287,-0.6506634,-0.067391545,1.7713909,0.63754183,3.2059531,-0.72684324,-0.8760052,0.34557775,-2.041312,-1.0679024,-1.8457958,2.1510222,-0.04036854,-0.3347586,-0.20069708,1.1054301,-0.28608972,2.371583,-0.44338724,1.0126866,2.0876863,0.25267598,2.3820896,2.4992201,2.915872,0.94207245,0.8559107,1.0002947,-0.4452535,-1.2294737
-1.0295771,-0.13679744,-0.34569418,0.5654212,2.6706133,0.6249169,2.2029626,-2.2108624,1.8962162,-3.157506,-2.7907786,-3.6973422,-0.6550369,1.9201509,0.57673675,-0.98397696,0.96272635,0.477504,0.52439475,3.2947657,-3.549586,0.21907103,3.845381,-1.4832768,0.87092143,1.442961,6.01006,3.6355655,0.5483709,3.260566,-1.3571446,-1.976392
1.1649835,0.322765,1.4766138,0.3013728,1.2681351,-0.1647935,2.1195977,0.18318039,2.3070927,0.49517727,1.4883906,-1.771125,-1.3157524,0.83547163,0.29232976,1.2513274,-0.0104304375,2.7611961,-1.8852614,1.6505553,-1.6783476,-0.2821857,1.6340224,0.44328594,-0.2657052,2.6184084,0.21340026,2.1038644,-0.1376635,-0.6269952,1.9209158,-2.2242
0.74556005,-1.159946,1.2546662,0.028757108,1.2926296,0.3392986,2.3638809,0.7986504,4.023784,-0.53908527,3.616239,-3.4956622,-1.2695359,1.29909,3.5077152,-0.16505432,-0.7563165,-1.7700204,-3.0445077,3.6451383,-1.216367,-0.7731545,-0.123406015,-1.6087394,-1.2339891,-0.22042271,2.046392,1.7133235,3.064394,-2.9288156,3.5761333,-0.6693747
1.0527077,0.26846838,0.94732,-0.013213125,1.5687716,0.1398419,2.7647924,-1.1325707,1.655211,0.53270704,1.2746767,-2.1843264,-0.7019053,0.8460902,0.7958332,0.35780466,-0.05853151,3.2139513,-1.2731245,2.2908256,-1.7548317,0.070258714,0.85956854,0.6773462,0.14995264,2.9160562,0.7156096,1.3186511,0.5000885,-0.09024729,2.3663282,-2.770935
1.2597747,0.42646617,1.4838042,0.25746536,1.2494897,-0.11680363,2.1650527,0.11374862,2.3844156,0.5775453,1.4298391,-1.5816568,-1.1566373,0.7306999,0.29000407,1.3475435,-0.05068087,2.6862454,-1.6904359,1.4903313,-1.7140273,-0.235833,1.6805068,0.4270741,-0.20831603,2.4790256,0.23866259,2.166069,-0.08312619,-0.52029026,1.870285,-2.248507
1.04824,0.29958236,0.9550817,-0.031279176,1.5752919,0.13088176,2.7677734,-1.1625446,1.6675153,0.52684003,1.269168,-2.1481924,-0.70967567,0.81630033,0.8224966,0.3352375,-0.063889,3.1977508,-1.2673675,2.2559295,-1.76405,0.08054566,0.90102756,0.67599714,0.16593961,2.8809438,0.73603225,1.315262,0.521884,-0.090968676,2.352159,-2.7688966
-1.5825206,-2.755676,0.14669928,1.467541,1.5897435,-3.175433,1.9847256,-0.6795506,0.32579237,0.9011415,-3.7812607,2.2868173,-1.8054364,2.9525168,0.84888756,-1.8000623,2.5602217,2.8999023,1.1351681,4.531017,-1.3296287,2.0140388,3.784152,1.7369775,3.5046642,0.8703874,5.2193456,0.641526,-0.20799558,2.0187936,-1.2679797,-5.349735
-1.603547,-2.7754743,0.08883596,1.4485198,1.5889131,-3.1606705,1.9712625,-0.69498074,0.3071223,0.9030763,-3.7991667,2.2830985,-1.7760025,2.9792469,0.85665303,-1.7813996,2.5732603,2.8645127,1.1432532,4.5376015,-1.3165286,2.0473986,3.786403,1.764158,3.5168505,0.8300097,5.2528462,0.6176364,-0.17721593,2.0477374,-1.328008,-5.3200564
0.98905057,-1.5112977,0.54818666,2.4559004,1.1573459,-3.1178977,-0.34025705,1.4399902,2.8248746,2.0665739,-3.366495,3.1929243,-0.70093197,1.8580916,0.727737,-0.5930016,0.85652363,3.5932553,2.0580108,4.3167977,-2.509957,0.9660707,3.8346868,2.00759,2.6060772,-1.9519893,3.8768287,0.32328245,-0.95716953,2.2932897,0.2621741,-5.142972
0.9154473,-2.4262233,0.27867794,2.7401128,2.2244112,-3.6436884,0.10744951,-0.9237156,3.2726183,3.508818,-2.02999,2.6107967,0.14781587,1.7762338,-0.30427584,-0.50994295,-0.12567197,4.6083846,2.054614,4.4997463,-1.7998555,1.0355275,1.6693667,2.2740183,2.0875196,-1.9105158,5.0901914,-1.7278787,-0.2592843,1.8818187,-0.27420637,-5.681081
-0.3908443,1.9115783,1.9753367,0.8173578,-1.199986,1.0944328,2.55861,0.08515923,0.63442373,-4.9553843,1.1597216,-6.8564277,-6.087184,2.5232375,2.515107,2.0639014,0.026748976,-2.7817304,-2.2462623,1.7810538,0.580183,-2.414801,1.7428337,-2.6951592,-2.8973725,1.8531706,0.54370564,-0.028629646,2.3870792,-2.984075,-0.875767,-3.3377094
-0.80524045,2.7164128,1.1439888,3.648694,-2.2465534,0.86647606,0.8552468,0.44509837,-0.8099132,-2.933708,-0.03565311,-4.00662,-4.3796015,2.2405748,0.40459943,4.2713,0.19376405,-0.4883221,1.5488578,0.35974237,-0.40567395,0.8067128,2.8998575,-0.50701976,-2.4557471,1.6242192,0.048823185,1.0228016,0.12738025,-2.1194615,-3.4381297,-1.4773123
0.5641733,1.2561175,2.0980191,1.3150764,-0.5647555,1.3042555,2.0943358,8.138567e-05,3.0764527,-5.4917684,2.5758214,-6.699132,-4.5505114,1.9688724,3.0169408,2.6577277,0.1503263,-2.3624227,-1.3635343,0.7597645,0.20564581,-3.2652264,1.6756206,-3.0084164,-2.2157006,0.69239354,0.42724842,-0.84265447,2.6054945,-3.0432477,-0.86743736,-3.292039
-0.29956388,2.3577998,1.014457,3.5603845,-1.5972737,0.6328982,0.11803356,0.4245925,1.4945301,-3.137915,1.1238477,-3.3568118,-2.8920774,1.5802248,0.78481925,4.7477245,0.35643408,0.034135964,2.1998596,-0.38252774,-0.9938524,-0.09383126,2.6574643,-1.0952429,-1.944506,0.29933354,-0.32551187,0.41285086,0.42080003,-2.0310261,-3.17754,-1.7915088
-0.29705372,2.3610117,1.0207472,3.5443532,-1.5985305,0.632268,0.10992041,0.40319493,1.5087018,-3.1417892,1.1201564,-3.3452206,-2.8999197,1.5735956,0.7929903,4.7101903,0.3646893,0.031669408,2.2010841,-0.40388235,-0.9965415,-0.094151385,2.687116,-1.0836016,-1.9166315,0.28300455,-0.30764952,0.40643033,0.42293635,-2.0240262,-3.1960418,-1.7854569
0.553751,0.12463824,2.47531,1.2659132,-1.9088473,0.78844374,1.5981569,0.19767919,3.6581469,-5.5401163,3.5737674,-6.2424493,-4.163423,2.0906909,4.1483936,1.78635,-0.11580585,-3.0365424,-1.0868025,0.5767008,-0.1563011,-1.6504004,1.9259111,-3.3494837,-2.372992,-0.08802406,0.80578965,0.17175466,3.3504333,-4.2999153,-0.67269546,-2.9822347
-0.3320808,2.4580734,0.96043116,3.7178442,-1.7071655,0.462874,-0.13870518,0.31833565,1.6115956,-3.2256877,0.81312823,-3.109975,-2.614655,1.5826397,0.8695744,4.701509,0.65183246,-0.166913,2.5951295,-0.25316373,-0.99411714,-0.025392035,2.6716821,-1.0200075,-1.7922649,-0.10287126,-0.23542094,0.19434467,0.45301417,-1.86657,-3.2606807,-1.7933189
-2.7381783,2.0065277,-0.21515892,3.041801,-1.0504937,0.5413266,0.7422886,-1.7929966,0.05850135,-7.0062265,-2.5961661,-6.288056,-1.8220623,2.397334,1.6253632,3.034277,1.5718983,-1.3957412,3.705368,1.0974221,-3.0252151,1.0384506,3.4163008,-3.2907379,-2.3229017,1.380013,3.7935436,2.8207223,-0.7163664,0.7521863,-3.5366967,-3.8417392
-1.4257882,2.3533835,0.20615943,3.0680246,-2.1106856,0.6984862,1.5364993,-1.044455,-2.4923627,-3.7168834,-1.3785018,-3.5630689,-3.1942556,2.7537284,0.6660994,3.8714533,0.7888283,-0.9573709,3.1082108,0.61420304,0.31711566,1.5575022,1.5774318,-1.1139947,-1.310292,1.4814274,0.79787105,0.13177691,0.07472156,-1.9994938,-3.473204,-2.7293046
-0.96277684,2.9613705,1.4198515,2.290827,-1.7679656,0.18636951,2.1141775,-0.7499721,0.7785536,-3.52032,0.17046721,-0.9871645,-2.4548652,2.6139185,3.6828904,7.3174386,1.6488218,-1.0999266,1.709147,-3.2691715,-0.97470593,-0.12686074,3.535134,1.6271093,-2.784887,-0.9719837,2.7307036,1.7899065,1.0772847,-2.3220472,-3.5765817,-5.0928044
1.1674174,0.6189436,2.4379578,1.2782313,-1.9386313,1.45722,2.0933979,0.14356211,3.708346,-4.144945,4.2040014,-5.670145,-4.200007,1.9914019,4.311378,2.1297314,-0.9046754,-2.5798306,-1.0187546,0.17860961,-0.5550002,-1.6155893,1.8771462,-2.322033,-2.6672578,-0.22030342,1.2307646,0.5920791,3.9780953,-4.2874064,-0.4323212,-2.6779819
-0.2767647,2.9907706,0.15944228,4.6270847,-1.8679147,1.0858953,0.52767473,-1.6480498,1.3010118,-1.1963749,2.718826,-3.95086,-2.5637445,1.4735408,0.69833195,4.5832114,-1.8625805,1.131451,3.5702462,-0.9049191,-0.9380863,-0.34523904,-0.08800141,-0.03240307,-3.328818,-0.44211182,1.4278429,-1.8513333,2.2545636,-2.2566004,-3.1226552,-2.836479
1.1569015,1.9071711,-0.5105202,1.1452703,-0.04047258,1.170544,-1.0796717,3.0115926,1.3285676,3.5385597,0.20940445,1.32998,0.1260013,0.105951555,1.994002,3.1653461,-2.4524062,2.1420696,1.3491619,2.1926792,-3.7761924,2.889782,2.349576,2.9515753,-0.8063007,-3.1834207,-0.14006081,0.89791495,0.07296713,0.73465466,0.33411774,-0.15639995
0.63578624,1.2386646,-0.94067246,1.634747,0.9453799,1.0767032,-0.90130436,0.6784791,1.5714793,4.3358407,0.9756648,0.8928002,1.1741872,0.08379423,1.6107035,3.0913098,-3.3469641,2.8493962,1.8716035,2.0158877,-3.0875704,2.9261317,0.23358116,3.052799,-1.4291183,-3.7916882,1.5118027,-1.0936317,1.2151115,0.90942144,-0.41819206,-1.0762355
1.0732747,2.029117,-0.4720943,1.0737758,-0.062612824,1.1717626,-1.1248674,2.88124,1.4117455,3.4674294,0.20986062,1.375978,0.16020799,0.04921768,2.0188687,3.157307,-2.4433265,2.0856695,1.2965739,2.1513762,-3.8731515,2.945275,2.477779,2.9479852,-0.8241533,-3.2373052,-0.15604873,0.92288303,0.14927585,0.71578884,0.33837128,-0.20233819
0.58258235,1.3585038,-0.8664571,1.5729227,0.94222724,1.0881554,-0.93327844,0.55529857,1.6110587,4.2954655,0.9867876,0.9317283,1.1667916,0.038766433,1.6468179,3.0627348,-3.400371,2.8073032,1.8026532,1.9523563,-3.172312,2.984753,0.33495396,3.0814095,-1.4699013,-3.8531978,1.5176815,-1.0684227,1.2690047,0.8750237,-0.4124761,-1.138201
1.4220123,1.1859959,1.1402607,2.7870653,-0.3788845,-0.0040779808,-0.85225934,2.4646425,2.0614526,3.037268,1.3328972,1.8362796,0.68810326,0.16731091,3.2360153,2.7474883,-3.195254,1.0460492,1.831995,2.590389,-4.3366733,4.3170342,1.512436,2.6086726,-1.5615578,-3.522193,1.4357502,2.457557,0.9831538,-1.1455823,1.9432852,-1.9497215
0.93746626,0.56264246,0.56912553,3.1649456,0.23584153,-0.30118307,-0.49638566,0.040269352,2.2157974,3.9833353,2.1914043,1.4060789,1.7041467,0.23944247,2.7246668,2.8046625,-3.9480608,1.7593724,2.2757294,2.1601646,-3.6262374,4.4364166,-0.47590435,2.8735225,-2.2736487,-3.9480186,3.0363438,0.70416075,2.1446667,-1.0899566,0.8734832,-2.8738523
0.8273539,2.005885,-0.27559012,0.66809666,0.30933684,1.876389,-0.7524006,2.2772422,1.5773425,3.4796336,0.36086854,1.461162,0.35848883,0.12469396,2.0968559,3.320179,-2.39419,1.7803103,1.0495306,2.0616775,-4.1446686,3.4836903,2.802246,3.1989734,-0.59067124,-3.1746788,0.21612369,1.1304973,0.3299003,0.77886593,-0.14660087,-0.0119854165
0.8597365,1.1864393,0.94949424,2.2288942,0.32155398,0.766006,-0.77200615,1.8816806,2.2818244,3.000708,1.5668874,1.6352475,0.92094964,0.27294144,3.330603,2.7253036,-2.9665449,0.7272181,1.4325316,2.7613304,-4.5984054,4.960306,2.1259956,2.8793066,-1.2692969,-3.8167293,1.895811,2.319522,1.296314,-0.89949656,1.1095258,-1.0188884
0.16578744,3.1562057,-1.7215399,3.110262,-0.5106307,-1.4978777,-0.6804854,3.2330813,3.6291077,4.232827,-4.079846,5.056894,0.080079,-0.53214276,3.6861284,2.125997,-1.3289974,0.89375114,3.5326285,1.6262221,-3.4989948,0.9597909,4.652259,4.79363,0.06264892,-7.4846897,3.8145106,-2.7565446,2.2526283,3.3502035,-1.6974462,-1.9537618
0.45270184,0.6895155,2.5475154,1.1136451,-2.414383,2.5991306,1.3809054,2.1126635,4.3966255,1.9685631,1.8880818,-0.025327612,-1.217203,-0.6902202,7.300043,0.685018,-3.459812,-1.0664476,0.7598026,1.0477425,-4.890673,0.8046759,1.7805885,2.2585137,-2.2518723,-4.006949,1.8017684,0.38145643,3.0528607,-0.3945654,2.217413,-3.4727266
0.3830113,1.3446717,0.9865557,1.3038461,0.16850422,1.1347944,-1.2571511,1.6945971,2.2760534,3.0925376,1.8922945,1.6261114,0.7125078,0.38068378,3.1989768,2.5728462,-3.2756877,0.6174713,0.6758102,2.454181,-4.882407,4.984852,2.449312,2.8373864,-1.3827994,-4.01591,1.4598726,2.5746436,1.4031348,-0.80746096,0.85281855,-0.7819233
