SAE_1,SAE_2,SAE_3,SAE_4,SAE_5,SAE_6,SAE_7,SAE_8,SAE_9,SAE_10,SAE_11,SAE_12,SAE_13,SAE_14,SAE_15,SAE_16
-11.728084,0.09026685,-25.10659,-4.0897527,73.36213,48.132294,25.696281,-23.91985,41.990875,34.015182,-33.425335,-22.030937,4.548481,58.662506,48.49466,21.275068
-11.637241,0.2703464,-25.460579,-4.308855,73.27607,48.120007,25.691141,-24.101019,41.974133,33.984337,-33.385914,-22.132357,4.643249,58.53539,48.63272,21.24141
-8.264887,-5.6829987,-28.919521,-7.356892,64.33115,33.812054,2.2440128,-17.888546,55.343357,27.92419,-31.715982,-29.489841,-1.4521872,50.193924,35.554394,25.001675
-15.528576,7.4485455,10.641778,5.7377615,28.88481,36.486828,-1.9777044,-9.212515,42.334583,32.976204,8.483683,-24.602629,16.014145,10.727099,4.695563,-21.021952
-22.169395,-1.5834253,18.881744,20.712986,58.18004,57.50689,-3.8148592,-20.519463,68.18536,47.357117,11.583522,-47.0196,21.03036,27.70261,4.5757723,-30.946684
-25.602129,2.4188232,15.882481,13.790622,47.54755,42.739254,-5.8739576,-17.55586,55.74525,38.889965,15.496154,-36.49041,21.822353,18.689043,3.0366807,-28.019136
-22.113335,-0.6394018,13.790025,14.583307,41.697765,41.618587,-3.077499,-19.55159,55.282566,37.409397,18.37858,-35.25814,23.261734,18.449917,1.0250514,-28.680017
-25.304134,-3.406788,12.361218,14.769301,47.000008,43.54502,-4.1007657,-20.738335,63.214046,42.0673,18.012932,-36.28984,24.48056,20.13258,0.207293,-28.311522
-22.354664,-0.44766507,12.644967,17.224634,44.91705,44.97177,-3.730834,-23.628862,54.547367,37.49842,16.247997,-40.185986,23.01843,21.090378,0.1841185,-26.017323
-27.401672,-0.25980937,17.148981,21.348408,69.656715,61.27511,-7.4392934,-24.957489,70.11006,50.196194,9.586032,-51.699585,21.325169,28.350986,3.8549342,-30.117884
-8.240187,3.4857254,-2.9157593,5.1455507,22.79776,26.52852,2.3177426,-16.405134,42.829582,20.818384,-0.39332217,-26.73638,9.401455,33.372414,9.159966,11.66273
-4.494723,2.1298366,-4.6508107,4.4221344,16.566507,24.653929,4.650092,-15.163889,39.758907,18.441793,0.81143236,-22.246317,8.77457,30.711794,6.6007485,10.747571
-4.4670987,7.138943,-11.307598,-0.9449462,20.624538,26.120186,-0.542824,-14.566308,43.007053,20.355072,-4.6134405,-26.608593,7.083903,26.790085,10.659854,11.66782
-0.9768704,5.628876,-13.839067,-1.8734651,15.128254,25.483717,1.2857988,-12.946001,41.46339,19.458,-5.225076,-23.152016,6.294596,23.70197,8.641645,10.838433
-1.9356675,4.5041947,-14.878759,-1.1714829,17.566036,27.450745,2.4293509,-15.8123,44.501766,21.181839,-3.335388,-25.258886,8.670346,25.309078,9.281516,8.649902
-5.1961,3.195159,-17.767263,-0.40906766,25.099863,32.42366,5.229369,-25.279469,55.34432,26.344933,2.7423532,-33.734726,16.353481,33.133022,14.554843,4.5175695
-11.382723,5.123125,-14.979213,0.31831554,32.006145,32.07701,3.027755,-26.867413,57.491924,27.621935,3.0656753,-35.98765,17.133648,37.061817,15.68798,8.446651
-6.781982,4.19256,-20.518473,-1.4105922,28.14697,34.739418,5.224995,-29.637009,57.892582,28.026072,5.57042,-36.19408,19.516014,33.742107,14.884114,1.4674534
-67.67467,55.662018,-54.457874,-43.16831,132.63663,96.99153,15.697534,-50.190662,77.21228,78.026085,-15.648875,-11.1374,32.90304,40.99251,23.402824,12.830573
-46.489426,27.639688,8.498965,1.5901183,64.55374,59.763763,24.831135,-18.633532,35.69792,51.322292,4.2695904,-3.6652846,26.04811,25.129412,11.792874,-13.734841
-44.57284,27.961737,10.176185,0.9652103,55.99444,56.082794,26.838192,-16.519281,30.874123,48.888878,8.312814,1.462328,27.090982,20.673265,9.730527,-17.189672
-45.103226,18.349346,15.247551,4.4467993,45.883595,32.527035,9.161925,-22.120518,19.355507,31.043184,22.166075,-6.5936246,28.980026,14.017625,0.23465301,-20.625298
-44.34417,17.446615,14.4242735,4.0804734,45.910004,31.482172,8.587243,-22.146793,18.6461,30.063112,21.765066,-6.488529,28.444572,13.860583,0.46061,-20.622345
-43.200016,16.894415,13.713705,5.3635097,46.317566,28.865284,4.4250493,-25.275204,14.438791,26.46727,19.84182,-11.821255,26.887823,14.507596,0.99298644,-17.109798
-45.04626,14.931356,14.3647785,4.735814,43.549526,30.171606,9.979733,-23.542952,21.110634,30.592306,25.829708,-5.015214,30.94653,13.84884,-1.9118757,-22.023426
-41.92213,14.769873,16.090889,4.3332024,39.322197,26.135468,9.730274,-20.552876,14.849005,26.54013,25.451624,-2.8012502,29.02343,12.150766,-0.001060484,-23.495083
-41.83096,14.744602,15.994012,4.2820706,39.299007,26.130205,9.749888,-20.555359,14.8250475,26.509624,25.40471,-2.8064542,29.003944,12.126811,0.06584046,-23.518976
-40.132843,16.474089,15.189553,4.9848003,41.370564,23.694792,4.1683416,-22.82284,8.652704,21.940619,20.319847,-9.590658,24.999533,12.981584,2.495522,-17.497807
-41.23522,4.218647,8.363524,2.858324,44.734573,17.405806,8.390421,-22.353968,20.68477,22.293829,22.61387,1.3286498,24.723354,19.91943,-1.6135112,-11.348326
-98.926125,11.135981,21.200783,21.647717,107.39336,56.77188,2.23838,-82.80153,61.571575,60.3043,70.41945,-51.905148,78.69401,38.07946,-6.6953173,-50.048035
-38.223297,22.643887,11.943178,9.354443,27.362387,31.118605,24.618792,-23.737516,23.40556,32.983315,17.206463,-7.703288,27.487188,21.523539,4.8327384,5.4270406
-36.64902,25.97766,11.874885,7.0814576,27.277958,33.75468,25.347252,-22.206074,20.44541,33.565987,17.291828,-7.2039022,28.17324,17.995829,7.776887,-2.1682942
-36.08741,25.83657,11.745357,6.075133,27.655487,33.125854,23.600828,-20.300037,18.352285,32.088943,16.084654,-4.762808,26.182915,16.530596,5.7628856,-2.4746993
-34.934498,25.701134,9.4960785,5.2579913,25.85115,31.079288,24.548418,-21.64373,18.19445,30.962029,16.302055,-5.2371006,26.502962,17.160778,7.3544803,-0.20280449
-34.85771,25.653086,9.431558,5.241993,25.83649,31.041248,24.549389,-21.653522,18.177332,30.917332,16.261396,-5.2661285,26.475227,17.173132,7.4133363,-0.18596953
-32.628117,23.819574,10.290988,4.1870947,20.342354,27.121601,25.438873,-19.39036,13.345088,27.479918,19.3086,-0.20459665,26.664831,13.90827,6.059207,-4.15622
-35.657806,15.459133,11.172901,6.842422,26.557598,23.69551,26.850592,-20.466383,17.797012,27.78922,19.999502,1.324258,26.97268,19.294996,6.5894127,-1.5957749
-32.827282,24.665073,6.2371454,2.9477673,22.32547,26.12548,22.981834,-21.312132,16.904573,27.514338,15.977282,-3.6306808,24.989561,16.271332,6.6246505,3.604767
-32.690968,24.59493,6.116382,2.907969,22.2856,26.009783,22.966385,-21.340282,16.826529,27.397766,15.913947,-3.6730812,24.930902,16.286049,6.7287498,3.6565714
-30.556944,21.991154,7.8435297,3.343738,17.63088,23.15865,24.551172,-19.683744,13.047123,24.883892,19.219769,0.13095196,25.55029,13.890094,5.6988077,-1.0982832
-31.261583,22.633121,8.126076,3.4287343,18.535078,24.453915,25.378036,-20.028795,13.159818,25.835691,19.421028,0.06500648,26.275166,14.155914,6.3279653,-2.0327065
-17.997097,8.636929,8.356303,6.2654605,11.794175,13.160077,18.562096,-13.67654,9.699432,14.836888,15.426851,-1.6934012,17.464478,12.566837,6.227035,-3.228085
-25.04352,18.82079,10.452853,5.1600213,11.076579,18.542944,14.982333,-14.258845,15.768289,20.682571,16.426802,-5.4131837,20.05375,11.025202,1.5256464,1.3928025
-33.769176,32.44113,12.525529,3.1753385,9.644923,38.72435,15.012996,-6.4094443,48.752426,42.652397,9.993497,-6.822023,21.348412,18.912828,-5.8006377,15.667653
-43.931133,40.983295,23.524555,6.7330103,17.344822,47.78007,11.853443,-6.492793,50.92538,50.444782,12.829733,-13.66998,26.062418,17.359154,-5.5905147,7.262704
-41.57389,39.89562,21.540398,6.0284047,14.29349,49.386497,13.8061495,-5.7851515,51.61581,51.05773,13.059434,-11.514391,26.515352,15.743753,-6.6824284,5.3940196
-82.02372,54.85,5.927498,-8.344406,33.542286,28.91727,2.715252,-43.511494,58.049286,47.17967,42.24663,-15.538762,50.31255,27.922112,-17.881725,34.53758
-19.2693,45.819714,-43.528316,-37.718586,9.423917,45.136868,7.9560657,-38.32477,49.1065,42.89151,3.6431272,-29.488752,39.419605,13.326292,24.835365,8.705235
-19.334875,46.092045,-43.774017,-37.92954,9.485541,45.490376,7.9748554,-38.55651,49.52911,43.204315,3.6757498,-29.778944,39.67352,13.403587,25.00432,8.68889
-48.657593,89.07149,-44.90827,-62.92365,-21.165678,40.789227,-14.399769,-50.696438,66.42905,56.26286,33.591995,-49.335888,66.112274,0.8398482,6.360466,27.4007
-29.501795,6.806678,8.321458,5.0550156,34.870213,22.38298,-5.067942,-10.958447,31.299273,22.564713,7.985029,-10.940273,12.12991,15.067753,-8.392704,-0.38332117
-29.846506,7.489372,9.079148,5.1917343,34.04653,22.345322,-5.2663636,-10.750927,31.17974,22.700277,8.59574,-10.98316,12.424891,14.535062,-8.872857,-0.67447984
-29.812202,7.4873147,9.018423,5.1597295,33.99327,22.29404,-5.3063607,-10.779379,31.158825,22.655064,8.626998,-10.997598,12.429993,14.481846,-8.899364,-0.6893403
-26.864386,5.2506394,10.417592,5.4703937,28.29214,19.188831,-4.1958423,-8.773799,27.753447,20.06058,10.469588,-7.749494,12.214126,12.711552,-9.449051,-3.362704
-26.716726,5.113581,10.252826,5.3596997,28.111694,18.887638,-4.22424,-8.777181,27.621185,19.847654,10.491867,-7.6363792,12.162012,12.675714,-9.423602,-3.2806046
-63.248978,36.261433,-24.183905,-34.430916,67.98235,25.233753,-43.885185,-34.720642,43.802883,27.506187,12.877847,-15.803401,25.492043,13.021816,-21.175634,12.645609
-63.244026,36.276257,-24.197624,-34.445255,67.95505,25.22193,-43.88815,-34.72439,43.79414,27.50137,12.879073,-15.8039465,25.498552,13.015004,-21.161755,12.653354
-63.23313,36.305897,-24.225634,-34.474266,67.897766,25.196857,-43.894154,-34.73218,43.776226,27.490782,12.88218,-15.805348,25.511904,13.001216,-21.133629,12.66932
-52.38611,20.05799,-14.250285,-16.3022,65.797806,17.06516,-34.480312,-31.487768,48.40654,21.914804,9.48357,-19.016153,15.812937,27.127321,-16.657635,21.65306
-25.919043,2.9131777,4.622912,4.491703,32.39629,19.678164,-5.7802095,-12.052395,33.17636,20.57304,8.267079,-12.078109,11.787494,15.302881,-8.183602,0.15389548
-22.826443,0.66470575,5.8913083,4.197891,25.5552,14.430864,-3.8727813,-9.748231,27.538189,16.497505,10.397892,-6.7833614,11.228353,13.483626,-8.425781,-1.323882
-25.850895,2.8631494,4.5165205,4.448135,32.35791,19.558968,-5.8270593,-12.118008,33.09223,20.459217,8.307949,-12.093801,11.783922,15.256643,-8.181337,0.13032134
-22.688208,0.51842594,5.7628655,4.1751375,25.514416,14.301913,-3.9072626,-9.817873,27.439583,16.351898,10.423975,-6.7960405,11.203135,13.45134,-8.419718,-1.3854216
-34.967754,-3.036641,19.112883,14.525562,30.997461,12.079099,-7.7187085,-19.060318,32.358463,17.362036,26.3554,-13.742825,19.597744,20.231697,-17.509272,-4.446179
-25.822718,1.835461,4.1053314,3.7808676,28.741085,17.277025,-3.3835356,-12.423419,30.989468,19.456028,11.289258,-7.944933,13.401303,13.875025,-9.517836,-1.0302068
-17.963081,-5.2595572,-4.138302,0.7857435,30.799591,7.953049,-5.0453196,-14.621778,26.056644,9.332785,4.566802,-6.9851155,6.492364,23.278234,-3.316501,9.801485
-28.884817,-9.297092,15.870362,12.091203,34.71185,8.863708,-18.584114,-16.946089,33.982727,12.951382,22.91953,-19.159369,15.339393,18.629438,-15.859291,-11.413778
-21.084032,-8.666214,14.59698,16.090433,34.194317,18.292574,-21.181963,-22.563337,41.979073,17.756134,22.041351,-40.434483,18.616562,18.34722,-6.7941055,-21.743866
-23.463472,-12.844825,13.71764,17.456152,40.45473,20.58907,-20.611992,-24.591352,47.1261,21.129183,20.768599,-41.454834,19.452177,21.842472,-6.317557,-21.176949
-37.62139,-4.662662,15.246594,16.89193,46.28943,17.544209,-26.968613,-34.961803,52.36962,22.381016,29.5418,-48.57185,26.474972,28.450476,-9.768234,-12.499295
-21.866886,-10.032156,13.879326,16.311167,36.499344,18.377542,-21.8956,-24.531305,44.15902,17.980917,23.691038,-42.040684,19.850626,19.538322,-6.633611,-23.013754
-18.972181,-11.995138,-13.370592,4.37775,65.310905,16.580856,-24.138783,-37.07659,43.467182,13.652669,7.840528,-45.94384,12.811503,34.04073,10.839175,-10.053609
-23.429775,-0.46954244,-21.02886,0.14743188,70.509636,25.460482,-18.965794,-46.779385,44.14697,20.083544,4.9475646,-56.85128,19.952414,37.05018,23.489824,-7.9237657
-20.86646,-20.318218,-9.084243,8.561004,72.34861,18.481745,-23.760286,-34.05233,46.6903,15.531712,0.5482535,-44.087883,9.063403,41.167637,10.534865,-4.338414
-37.29086,-16.13011,-4.5824227,9.582887,82.07785,18.51179,-29.88105,-43.043415,56.291115,21.042637,8.3765,-52.72086,17.692305,48.671883,8.403922,0.19041343
-64.41251,33.41091,-32.21663,-17.917753,76.05636,67.394775,-21.32933,-56.2391,96.303024,62.606483,14.017834,-48.67396,44.60849,36.452248,-11.828098,11.957267
-21.801105,17.178404,12.946637,6.778946,20.000746,34.025055,11.824175,-12.73259,22.417711,28.757627,12.303215,-16.126522,21.752539,9.505455,6.5482125,-17.6206
-21.366743,16.584398,12.226643,6.6423855,19.416945,32.750435,11.695608,-13.109614,22.100538,27.922031,12.405947,-16.073376,21.572573,9.627279,6.5827904,-16.73305
-21.298433,16.516981,12.150076,6.61205,19.35555,32.62187,11.700156,-13.155076,22.032246,27.822258,12.441577,-16.071182,21.575752,9.619443,6.6239944,-16.723562
-33.375076,28.245626,8.825579,1.5622333,23.777224,40.308308,11.028359,-28.369726,20.964003,33.932945,22.273783,-26.7838,37.16092,7.4934983,10.641243,-23.619144
-33.99631,28.070824,5.712635,1.3407046,24.768675,40.925266,14.691937,-33.318634,23.279371,35.03272,25.226519,-28.452188,40.708714,10.259507,13.125221,-23.373514
-21.830276,14.990241,9.690674,7.481161,19.413813,30.971659,14.301796,-17.709715,24.882328,27.869474,15.430385,-17.733315,24.02352,12.905185,7.686299,-13.994112
-35.687206,27.983416,0.43724263,0.063244075,24.134514,39.62602,18.755594,-41.796524,27.500965,36.19751,31.658802,-32.40157,47.70855,13.222245,16.984627,-23.021456
-35.668613,28.09029,0.12823568,-0.1106486,24.065727,39.659565,18.87728,-42.08454,27.633537,36.24308,31.808495,-32.584255,47.956623,13.283073,17.21652,-23.040134
-35.691734,28.066984,0.17074421,-0.080347754,24.090565,39.640778,18.857893,-42.07972,27.615665,36.23272,31.818295,-32.57535,47.945263,13.286207,17.184196,-23.0422
-18.69849,13.735158,10.895795,6.3276834,11.845861,27.576769,12.141268,-14.190856,22.24913,24.792612,17.157982,-14.628464,23.113121,8.82326,4.5783095,-16.487633
-18.606462,13.68825,10.792352,6.2710333,11.8029,27.496872,12.146031,-14.261235,22.133,24.687744,17.193974,-14.649667,23.13633,8.787184,4.6470966,-16.554688
-29.594507,25.445738,8.013957,2.023641,16.46659,35.634567,12.773973,-28.62342,20.395813,30.239418,26.423904,-24.995924,37.800037,7.0580516,9.264647,-23.521774
-26.780437,26.982048,9.885977,-0.18620479,10.165068,36.531754,14.554857,-21.176325,21.008356,31.830643,25.03916,-19.146372,36.25054,3.2492592,9.287841,-26.460648
-18.786665,7.520986,11.052822,3.5087538,20.779222,16.473175,1.3781087,-6.8945394,18.138355,17.165735,10.745698,-8.955762,13.457862,9.45699,4.7440367,-14.111813
-28.46581,2.040222,26.703785,13.453019,28.719034,16.271,-12.122805,-11.62136,21.128416,16.69124,22.999817,-18.413342,17.85591,10.374848,-8.308397,-24.458296
-18.680311,7.485248,10.935394,3.4561098,20.630259,16.333706,1.4432967,-6.9476066,17.996498,17.047102,10.81874,-8.897227,13.479357,9.365028,4.770682,-14.144224
-19.50641,6.4566236,9.633666,2.6282256,19.114927,16.18485,3.429329,-8.073379,17.946066,17.650654,13.479316,-5.899018,15.717083,8.062282,3.0186064,-16.09585
-23.178038,2.7364025,9.522781,4.0023518,26.48826,20.69138,2.623235,-9.212209,27.786636,23.79301,11.962562,-8.302444,16.915966,11.6857815,2.2708023,-15.25695
-18.607248,7.4507613,10.857844,3.4221983,20.522602,16.225317,1.4822282,-6.9761295,17.902037,16.960724,10.86055,-8.852031,13.485374,9.308367,4.7840657,-14.145382
-21.165503,8.425227,8.366024,2.3387535,24.472141,19.93391,3.2360365,-9.521062,20.37205,20.458748,10.7215395,-9.329959,15.819139,9.592027,5.437309,-14.992152
-19.428093,6.390213,9.566611,2.6084116,19.041475,16.083172,3.438206,-8.086717,17.87998,17.56593,13.48466,-5.8745227,15.69638,8.037466,3.0312238,-16.074762
-23.105795,2.7054598,9.462081,3.9826565,26.425592,20.634695,2.6206849,-9.222959,27.740984,23.735458,11.956219,-8.299181,16.89514,11.655785,2.2769792,-15.24389
-34.486427,6.3259664,15.831616,7.682042,32.592175,16.939207,-4.1233363,-15.268393,30.527645,23.260141,15.14347,-15.809819,19.27448,21.363718,0.7163311,-4.0296373
-19.45654,5.316415,3.9623156,0.29093865,19.82824,16.281147,3.8951237,-10.166107,22.04626,18.97299,12.615331,-5.978943,16.547037,8.626876,2.995213,-13.335975
-15.913152,4.385887,6.674926,0.9272031,14.553979,12.108342,2.6906812,-7.3066583,17.617361,14.809485,13.4512,-5.0308857,14.603113,6.729383,3.0966647,-14.5848465
-9.450186,-7.391712,-13.173453,-0.5295018,38.886616,21.039978,-2.2937472,-18.513416,44.626904,22.22679,-2.3483064,-28.352655,11.000684,25.598627,19.537046,-3.1094618
-15.086334,-7.407906,-16.31833,-2.0151527,43.128506,24.089914,0.8017231,-22.250412,52.27386,27.387724,0.4967482,-28.078716,16.339628,27.987818,20.083904,-3.685229
-9.210099,-7.0964904,-12.803345,-0.57274383,37.886288,20.642702,-2.3918684,-17.8753,43.791836,21.900558,-2.442628,-27.63229,10.630047,24.890018,18.949093,-2.9398432
-19.217896,2.144381,-21.253653,-5.2462974,46.054844,26.30632,-2.976194,-28.673874,52.02163,27.820633,0.5021151,-33.930695,18.232729,28.75519,19.821169,1.4041605
-20.263968,5.489196,-26.289745,-5.51464,48.16716,33.90218,1.0778344,-34.598606,57.573727,33.28704,1.7032521,-39.08431,23.326134,29.822947,22.388807,-1.6254197
-18.088537,1.981732,-21.792849,-6.301456,45.094196,25.942038,-3.1229756,-26.866154,50.6907,27.09249,-0.5299329,-31.188484,16.795746,27.638786,18.76072,1.4902703
-17.666174,-13.669976,5.0404963,9.731707,59.13868,21.102522,-5.9679184,-22.064268,20.684725,12.994964,5.0417976,-19.852468,7.876862,28.73948,5.815064,-16.85864
-24.970045,-13.2373705,19.54612,18.860542,56.043533,19.755747,-16.65005,-24.459858,21.253628,11.796088,15.966463,-29.570368,12.727674,26.484259,-4.545233,-23.455233
-21.104733,-19.410074,3.9002018,10.815129,67.500534,23.519598,-5.6593437,-24.645983,29.517931,16.88781,5.4002867,-21.099667,9.968711,32.898006,6.0600905,-16.260313
-28.161179,-16.970205,16.59652,18.233871,58.14509,19.333717,-16.824703,-26.93723,27.244843,14.153268,15.680092,-29.755304,14.72988,30.132362,-5.298295,-19.381325
-17.668098,-13.663192,5.002849,9.770753,59.44514,21.46308,-5.8694506,-22.349203,20.940088,13.255959,5.32591,-20.090223,8.142863,28.630152,5.9049006,-17.39647
-24.92859,-13.309355,19.44503,18.894526,56.110886,19.80743,-16.678152,-24.619368,21.399887,11.809085,16.028708,-29.764832,12.7906,26.55951,-4.538071,-23.493725
-20.924343,-19.150183,4.0921936,10.870005,67.19651,23.855133,-5.5955367,-24.472866,29.453575,17.190485,5.4644947,-21.059505,9.988202,32.337784,5.9642353,-16.709112
-28.14273,-17.057674,16.502007,18.248226,58.20945,19.40195,-16.865671,-27.100456,27.51079,14.242692,15.8293085,-29.953892,14.857116,30.154366,-5.2952847,-19.539112
-17.661097,-13.722428,4.8997974,9.724801,59.5572,21.389906,-5.9704514,-22.360605,20.984747,13.174767,5.195951,-20.128584,8.041357,28.825533,5.9198475,-17.202736
-24.90835,-13.324269,19.415026,18.895884,56.106594,19.808569,-16.685375,-24.643398,21.432364,11.80419,16.03788,-29.798855,12.796455,26.568901,-4.540146,-23.491173
-17.822592,-12.719038,6.234393,12.92272,62.898552,27.53978,-3.8503432,-26.69346,21.767395,15.940679,6.689766,-25.230576,10.801151,29.721296,7.3951397,-20.834745
-29.8895,15.62549,9.862999,9.403429,27.539116,35.638638,5.9333577,-14.757774,42.07914,33.134716,11.803009,-17.378729,19.244997,17.59506,-7.210806,0.66566914
-34.78751,28.669407,5.369191,0.9043171,22.743881,39.56572,9.843233,-23.572521,33.421864,35.755535,18.741621,-22.04249,32.20726,10.766763,2.7172072,-8.598022
-28.328018,11.648028,8.4039545,10.210463,25.99584,35.262486,8.350693,-16.46779,42.523533,32.86196,14.184854,-16.090755,20.95579,17.674337,-8.031319,-2.0306134
-25.079155,11.5987015,10.196105,10.648007,20.745388,32.249252,5.848455,-14.199743,39.96583,29.850668,14.116666,-16.936335,19.045313,15.862643,-8.554957,-2.1758218
-24.663462,11.254008,9.959475,10.555275,20.326487,31.604784,5.8854575,-14.159142,39.53275,29.328754,14.08483,-16.730814,18.844109,15.810573,-8.447345,-1.9344213
-26.332336,-0.21441886,2.329122,9.720435,29.756044,27.262447,8.408331,-18.750656,47.959023,28.187647,12.745034,-13.30153,18.224627,27.318684,-7.6634827,8.260551
-32.701992,26.079144,-7.1416125,-1.8312516,20.48716,34.203526,16.486877,-35.67295,37.751434,33.51081,23.94993,-25.208042,37.82334,17.833162,8.020911,-0.94545746
-15.645424,5.708308,-13.023077,0.23705068,26.98274,21.588621,10.362555,-37.552402,35.024815,20.24844,19.662766,-31.379726,28.35006,27.07576,17.573978,-7.145179
0.4068917,-8.888959,-6.504528,16.91819,22.52394,21.91153,19.96975,-36.478836,55.94884,22.074837,-1.1945745,-57.313377,18.283297,61.90176,42.335968,27.71183
0.46322876,-8.871228,-6.5577817,16.93008,22.507353,21.971256,20.029701,-36.558655,56.005608,22.096376,-1.1952071,-57.416122,18.315472,61.976475,42.409374,27.737896
4.6590147,-2.221415,-12.506646,14.208161,25.375563,32.57998,31.452997,-39.422447,47.887238,25.376862,-1.3945343,-55.239525,21.917078,56.62084,50.545338,14.687278
-69.23487,22.818047,-32.13821,-24.75836,104.699646,48.119583,-4.6566277,-97.50838,47.078106,42.22422,59.009575,-63.834538,81.29268,36.92165,39.29068,-60.41217
-34.00521,18.308264,-18.65712,-7.6233864,46.76801,49.69025,45.922462,-47.650406,32.273266,46.28517,29.027634,-17.167097,54.365063,21.049732,38.988075,-40.03308
-37.36646,23.436548,-16.610176,-6.697671,48.009003,52.019325,43.93027,-51.112812,33.503967,47.684578,30.558117,-23.347836,56.66123,22.912945,39.3858,-37.494255
-23.877417,2.8473778,-1.501489,12.631146,39.495724,43.589924,18.18736,-31.356316,57.42665,39.539692,13.8698015,-34.52141,29.451683,35.12914,14.010048,-7.622705
-18.02346,0.74391997,0.23664592,14.1259,29.421192,40.578915,18.704111,-28.684874,53.14618,35.9116,15.248315,-32.498493,28.006279,31.764389,11.414907,-9.573887
-24.439177,0.78421307,0.26492327,14.78741,47.13928,48.785877,20.98533,-30.879593,53.829773,40.818707,11.23484,-31.905201,28.158224,36.101425,14.213847,-11.892861
-17.993574,0.7439797,-0.008798599,14.176673,29.688784,40.958633,18.884209,-29.139746,53.332,36.0647,15.476313,-32.804935,28.287365,31.889275,11.496512,-9.958549
-19.31372,7.7376504,-13.348528,8.993355,46.38737,55.071106,20.734308,-38.978477,61.369274,44.982292,5.4519215,-44.790985,30.531399,40.292904,24.530151,-7.781618
-12.501923,5.041995,-10.928264,10.434415,37.847168,51.55179,20.633406,-34.219494,54.877087,40.083595,4.2659984,-41.83456,26.734941,36.963562,22.897408,-9.420384
-12.958286,-11.474413,14.653981,15.333335,40.996033,24.54007,-1.5755111,-4.1742997,28.46333,19.272675,-12.364758,-20.336971,-0.30072224,31.733524,10.15126,2.7726376
-12.524862,-11.672333,13.222236,15.359993,39.689148,23.955814,-0.7377988,-4.9653826,27.823359,18.77572,-12.215811,-20.074203,-0.14154485,30.842772,9.578413,3.9953392
-15.060566,-10.98886,17.262236,21.30347,52.948517,39.151478,-1.155692,-10.519386,42.280064,29.115492,-12.183144,-34.854225,3.5044677,38.222244,12.51565,-1.8060753
-7.463636,-15.662149,14.677373,15.846592,30.308323,17.903702,-0.3451485,-1.5800171,24.11501,14.045286,-9.535268,-15.857979,-1.4828951,27.746876,7.3666587,1.8242887
-7.4988875,-15.991616,14.463953,16.3467,30.96801,18.44796,-0.58170235,-1.9726892,24.771212,14.2609415,-10.078955,-16.605381,-1.7199037,28.346857,7.025617,2.6570706
-6.417847,-17.83553,13.180745,16.125591,32.197765,18.823147,3.4750793,-5.178933,24.455574,14.757698,-7.31809,-17.947227,1.7764057,30.4824,12.716007,-2.911756
-9.774696,-15.644627,16.373764,21.374481,46.578053,34.843704,-1.5991274,-9.513237,42.109787,25.358135,-9.979702,-33.64338,2.7235553,37.986446,11.501128,-3.3421764
-12.192025,-16.229622,18.88755,25.799423,51.610054,38.174873,1.4886355,-14.852581,37.747593,26.279047,-8.1463995,-37.12674,5.690227,39.66686,13.248591,-7.4901505
-12.877916,-19.2213,14.663535,16.575819,38.386448,19.956444,-0.47702375,-5.0280085,31.387676,18.175293,-7.0441055,-17.710585,2.347487,31.944298,8.143831,-0.14871816
-11.164497,-21.384846,13.715274,17.048693,38.690765,20.111301,3.3876579,-7.577454,30.592392,18.259811,-5.3196206,-19.060047,4.841404,33.772137,13.017447,-4.301888
-15.123927,-19.16986,17.07079,22.786854,53.16395,36.76158,-0.5071746,-11.945285,47.667114,29.377514,-7.9875765,-33.48641,5.9483547,41.321667,11.1134815,-4.6301436
-16.313257,-20.334427,18.182888,27.102402,57.151974,39.551098,2.2041998,-18.127039,43.84938,29.461323,-6.469528,-38.39354,8.781402,43.77749,13.160312,-7.6456027
-21.353392,6.401441,10.964522,8.712461,27.185846,24.105244,3.1795495,-9.251863,20.528687,20.109705,3.9599643,-8.918216,9.510016,15.392645,-3.8988595,-0.6870664
-20.48393,5.8760796,10.164684,8.375691,26.905806,23.64898,3.011484,-9.125931,20.332932,19.558792,3.4273388,-8.866281,9.031621,15.369612,-3.6187582,-0.43683797
-23.144148,6.3116546,10.184051,8.264005,25.86224,23.876297,4.1362576,-11.21778,22.175287,21.04327,7.943038,-7.65819,12.404637,14.595874,-6.134747,-2.1597683
-19.228222,-1.6949867,9.229162,9.167161,27.493486,20.161484,1.9532728,-8.499628,24.344984,18.120253,3.4030063,-7.8908405,8.168647,18.879541,-4.1400747,1.1566968
-16.290886,-4.318951,8.947585,13.793406,38.38187,34.112984,1.345822,-12.067328,38.339554,26.26627,-1.1991378,-21.247097,8.098692,26.681406,-0.51300555,-2.1439416
-16.627901,-4.8263197,9.023538,14.166162,38.933666,34.195408,1.4648924,-12.606065,38.541645,26.37734,-0.7158952,-21.45865,8.481849,26.88108,-0.7103121,-2.5479794
-17.704695,5.338606,10.1248865,7.409703,18.981478,19.12511,2.8257902,-8.117409,16.78215,16.215229,6.5934234,-5.950607,9.31916,12.206193,-5.6281824,-1.7778163
-21.111158,5.636275,8.618915,7.178689,23.323374,21.662142,3.8518138,-10.7832985,20.340786,19.195168,7.6694345,-6.67446,11.648703,13.258761,-6.0224586,-1.911447
-30.162264,0.42040733,24.294298,17.662304,22.677824,14.094325,-0.39113158,-17.768978,19.736448,15.9649105,25.073742,-11.902183,19.116802,17.631964,-14.024604,-6.9052424
-32.302746,2.013686,23.475592,17.268244,24.75145,17.045568,-1.7978021,-19.070196,21.37517,18.319664,25.132448,-13.45281,20.303076,15.903174,-16.169136,-8.253376
-20.789248,7.3370843,13.406428,8.894038,19.017939,20.476088,2.7971938,-8.70711,17.744371,18.07651,9.221526,-6.8631372,11.33472,11.7822695,-7.281907,-3.0325143
-20.408367,5.088732,7.7351136,6.8497863,23.284111,21.289297,3.7780867,-10.750409,20.400766,18.769228,7.116031,-6.5893216,11.211239,13.441999,-5.7593675,-1.4218807
-16.748568,4.6704473,9.129236,7.024024,18.71072,18.622116,2.9572148,-8.1127405,16.523073,15.645695,6.075339,-5.7250824,8.900148,12.299979,-5.191614,-1.4896568
-10.77444,8.029116,3.434666,3.6425166,14.315976,17.379244,2.4250627,-6.5957575,15.352418,13.056296,-1.8796937,-7.1527743,3.8148546,14.466058,-1.363162,8.684412
-12.445084,7.831552,1.4673197,3.352663,17.483562,19.491425,4.095775,-9.016259,16.697227,14.959444,-1.0042845,-7.2332654,5.662227,14.547142,-1.3757858,7.4009805
-4.881712,11.011981,-7.3956857,0.06552936,21.137562,27.552378,4.303943,-13.257982,19.366573,17.31263,-11.215599,-17.01362,3.3247998,21.17553,9.384372,10.599489
-7.3555055,11.154849,-8.895001,-0.0696597,25.04759,29.225512,5.6567583,-15.542102,20.336761,18.921263,-9.835577,-16.624643,5.1467447,21.31152,8.989878,9.123395
-22.087265,3.5080574,-1.0900062,3.604374,23.366018,8.389314,-1.3950801,-19.637697,27.288572,13.5376,5.979761,-15.747489,11.626259,25.99212,1.816932,19.128536
-22.003208,3.5334957,-1.1966469,3.5426729,23.288153,8.344495,-1.3882477,-19.666817,27.226099,13.474239,5.97805,-15.740394,11.616241,25.954401,1.8431396,19.13095
-11.019957,5.4846606,-7.7536154,0.087856956,18.075953,14.940169,6.4775457,-15.148393,19.039646,13.043053,0.5386182,-9.317548,8.203056,17.102524,3.9478414,10.628895
-22.03724,3.6434915,-1.4454752,3.4285705,23.269665,8.322497,-1.3374894,-19.93056,27.300854,13.493347,6.126782,-15.863711,11.790399,25.964739,1.9276693,19.13934
-10.984132,5.466209,-7.8686714,0.10031917,18.020025,14.965969,6.5096016,-15.377431,19.19165,13.076941,0.7140804,-9.540505,8.374823,17.151133,4.0052457,10.514513
-16.880527,1.2113622,-5.610967,5.918793,38.193283,23.2633,18.09959,-25.35189,19.36572,17.812765,1.6186227,-13.920786,13.976902,31.274733,16.42098,6.674256
-15.81981,-1.2148597,7.792131,7.756411,19.280294,13.80978,6.0498962,-10.627308,15.188254,12.806945,8.808079,-3.7283611,10.1676655,15.37563,-2.6710336,-1.5945655
-25.949257,-1.6058735,21.501612,18.53892,25.321941,15.604001,0.3448855,-19.515615,17.499851,14.315232,21.744009,-15.3998575,17.30415,18.881437,-10.28793,-7.7912145
-18.253521,-0.10840789,4.353274,6.612995,23.088306,16.530523,6.4381094,-13.338169,18.544127,15.470782,8.66408,-4.8880205,11.810633,15.462037,-3.2434554,-0.8941377
-15.179754,-1.574946,7.0833964,7.5869813,19.330044,13.780665,5.9181943,-10.660727,15.462827,12.577747,8.281002,-3.9869895,9.794983,15.605664,-2.458054,-1.1998231
-18.174511,-0.17412764,4.3003736,6.6093206,23.075052,16.517614,6.344485,-13.353281,18.599682,15.437255,8.657817,-4.983919,11.79063,15.443311,-3.2621193,-0.94779176
-9.265139,13.897727,-23.813318,-7.5968533,33.142616,35.54254,8.62023,-27.712149,36.332237,26.151083,-4.9924865,-26.985306,15.41148,26.51081,19.740242,4.68412
-9.460269,13.929878,-23.921318,-7.5802255,33.44758,35.755802,8.688922,-27.965134,36.64586,26.366146,-4.9075627,-27.200508,15.616946,26.706873,19.854969,4.626626
-3.1877074,12.282912,-21.795181,-7.746909,21.6202,28.868109,6.8365283,-20.692102,29.805674,20.128803,-7.149447,-20.519,9.771338,22.288233,15.103167,8.276348
-6.4704404,11.373361,-27.279028,-11.16154,25.484127,29.423399,11.115786,-22.623978,35.827442,23.915285,-5.886959,-16.742012,13.346547,23.688175,17.553144,7.3935204
-34.99777,-4.895006,36.35099,27.417244,39.634888,24.37164,3.405799,-19.590405,27.360418,23.721342,30.27353,-22.527496,24.999344,22.828587,-4.645511,-26.177069
-19.761608,-3.3230095,18.391922,15.024549,33.38118,22.104153,6.268426,-11.641819,19.480284,18.552532,12.06315,-15.171561,14.608398,17.854156,6.3867784,-19.364933
-35.286304,-5.192447,35.745754,26.807142,35.974545,23.541288,5.321193,-21.482824,26.622458,24.075628,34.18569,-20.507511,27.969488,21.60437,-5.9664626,-28.494799
-18.852198,-2.732901,17.880466,14.868129,28.627737,22.410046,8.146028,-12.271829,18.750324,18.938768,15.038198,-13.6868305,16.684193,14.959963,4.355948,-22.156479
-18.802652,-2.8043904,17.812948,14.859604,28.58501,22.346895,8.178678,-12.303681,18.762295,18.902687,15.041979,-13.681947,16.685438,14.9884,4.3777714,-22.10206
-35.968624,-3.6628368,35.120346,28.380407,38.471474,26.084898,5.129358,-25.515007,24.66802,24.190422,34.171898,-24.523825,28.905247,22.236254,-6.0781054,-28.725506
-18.029922,-2.8908875,17.024223,14.132525,28.530035,21.865715,7.7522573,-12.159028,18.578098,18.446985,14.832864,-13.87076,16.473606,14.596941,5.2108564,-22.814083
-27.454132,-1.0582479,15.148149,17.773386,52.77198,37.745056,20.97078,-21.955729,25.578365,30.028095,7.2794614,-18.884542,20.433512,33.022385,18.203337,-14.507977
-24.219688,0.1848732,14.822902,13.118849,36.528313,26.122093,8.105775,-16.092272,22.981829,23.180668,13.567676,-16.771149,19.061249,17.66887,6.9934363,-19.774534
-22.366852,-6.582948,19.181473,18.334644,36.889477,27.948341,4.0203557,-18.279707,36.729828,26.085781,23.085825,-26.492855,23.633823,18.379961,5.236426,-31.834984
-33.083397,-6.0965924,32.697884,27.65237,37.49933,24.540476,4.8394794,-24.764446,25.572733,22.600773,32.9252,-23.890593,27.332546,22.865229,-5.713187,-27.545486
-21.090984,-8.447735,14.759623,13.678323,33.217426,20.39147,7.677108,-14.622412,23.511892,19.839794,16.013712,-12.379399,18.237173,18.425144,4.4824877,-21.311348
-11.398439,-11.357355,-1.7641903,4.7911687,24.382912,3.2958074,2.1276243,-21.5074,20.82938,5.518282,16.197554,-13.749293,14.437394,23.421625,7.1494093,-6.1442213
-15.453985,-13.129771,-4.0999346,4.689028,28.847246,6.93673,1.6720796,-24.01668,27.525555,10.4987955,15.667979,-15.195669,16.993431,24.872963,5.5567417,-5.8290334
-11.3572035,-11.291549,-1.7447909,4.847085,24.253511,3.2996917,2.0661666,-21.643219,20.89539,5.53959,16.455296,-13.990568,14.583031,23.333609,7.1661544,-6.429648
-15.349369,-13.058948,-4.0584636,4.6808987,28.632517,6.8811746,1.5811058,-24.024696,27.455935,10.428326,15.887376,-15.298226,17.071554,24.62112,5.5126204,-6.1639743
-14.43518,-10.116946,-1.1573502,9.419108,28.408998,10.0221195,3.9762657,-27.542435,24.029385,9.8274765,16.708672,-21.115942,17.902695,26.40585,7.045624,-6.024804
-18.126846,-10.956917,-3.5568488,8.860789,32.37994,12.9914255,3.9443078,-29.88868,29.953331,14.296576,16.970366,-22.533518,20.732948,27.017166,6.6658163,-6.949762
-11.561808,-10.054822,-2.9306421,4.3983827,24.739265,4.1020103,1.9431599,-23.229397,21.489983,6.1435876,17.181602,-15.817412,15.699953,22.971636,8.114339,-7.4112234
-14.257478,-8.932545,-2.7208993,7.957308,28.442003,9.82583,3.6329942,-28.905554,23.792309,9.649588,18.175137,-21.947048,19.16282,25.340828,8.196431,-8.28351
-12.601427,-16.620235,-13.069313,4.284352,46.331734,11.303294,-2.4455256,-28.981195,41.707256,13.065839,7.3778005,-30.62769,13.843275,36.257885,18.461483,-0.85789394
-22.55999,-13.145407,16.135948,17.220814,31.53939,3.6891558,-5.496797,-24.29523,24.192125,7.1529155,27.838501,-23.023636,19.094053,24.576296,-1.3765234,-13.633149
-13.583486,-8.345136,-2.80882,7.2034726,27.82794,9.282292,3.4226449,-28.456007,22.243832,8.9456215,18.499659,-21.457754,19.069078,24.034174,8.733747,-9.8406725
