PC1,PC2,PC3,PC4,PC5,PC6,PC7,PC8,PC9,PC10,PC11,PC12,PC13,PC14,PC15,PC16
0.5185334223691762,-4.426770807615985,0.14565847096370138,1.7619769993137806,0.09465407435348297,0.13885491284439774,-4.844264855714022,-1.204420353801127,-0.4934716061109987,5.009608971742041,3.5982789103371076,-0.8883396907869937,2.8611758298877947,0.5229940325361162,-2.7819793091046856,0.598054824083273
0.6230443683403147,-4.457229209348123,0.15562292681862513,1.775637286684642,0.0639012167493735,0.1019381687493531,-4.812372144260565,-1.200191055559761,-0.507675654642327,5.0263347719613645,3.574758527798078,-0.9060703671088328,2.8545327499884126,0.5743767761071418,-2.768206269676728,0.5715522724494083
2.1743884680279195,-3.9816484534347665,0.7974570564813966,-0.5714669329466326,-0.33882878895528257,-1.3903951919357713,-3.778062276199448,0.4247889778050094,0.3877712786940088,2.8701552998375246,-0.1320475580874882,-0.39416679966720336,-0.16139010564288092,-2.1801484741076815,-2.658772490070418,1.3269002550323385
-0.2676021057490575,0.34044642454666035,-0.9518959749306524,-1.9847174095118376,-0.5365056691502406,-0.3846570626940937,2.3210656679310566,0.5994758496612885,-0.045883839483737705,1.72572762678411,0.41943377468212456,1.7848247568727393,0.8014103705619551,1.143451428068851,0.5436270527382517,0.8250689740688462
2.116148194385435,-0.37288687112877156,-1.2172667210434196,-2.137767191527645,-0.25600711759734507,0.5133380462985134,3.98989473083128,3.2605643988082904,0.669458295571819,3.65892487606158,1.15270343948911,2.8177010921700365,-1.6280859036002036,1.5733797491169828,0.4138405007455597,1.179240512645485
1.005406246693553,-1.1523834207741264,0.5331148665573141,-2.3925743269481607,-1.1596725597166126,-0.5799612246655261,3.0033724960884958,2.5840558478647084,0.5585684541462667,3.05362003464076,0.7933222434252186,2.9796078248264872,-0.6419227743901418,1.611967398032999,0.5779324639966255,1.1252486372341088
2.8081362719380585,0.6046176032393568,-0.7403196908533685,-3.2298515335454936,-0.7276924869734119,-0.693299623455651,3.8207074934055822,2.610641299450324,0.586594756102292,2.528375810950391,0.5637132616354948,2.993907586412984,-0.17582557151065978,1.4999373011174817,1.0248800234022137,1.0281376052328375
2.921728729398161,0.572571728347227,-0.9068231358953395,-2.949884240268578,-0.48601722488021815,-0.06366572373215551,3.7620919921893825,2.537520932886921,1.4594747360794702,2.241119868144731,1.1524839125661253,3.469238770441136,-0.8022860300795657,0.3169336727072864,1.9238208687977567,1.4917790322935283
4.013401429640334,0.8601881491492028,0.42054912179172627,-3.2958451216910594,-1.3904664838738094,1.1480641391530433,4.4465991183026405,2.514632458772152,0.37581403195765,2.9172723293483283,0.19304723127543158,2.6980961149769507,-0.3848148525387422,1.453286222184274,0.37268556888226273,0.6954708611805802
2.6745313446366676,-1.472483772854749,1.4498480930360007,-2.01372521937357,-1.1589198151305558,3.0058354926992514,3.4350651147171103,3.4299629686384905,1.2938081965016204,3.5239156983141253,1.470838694423387,2.576270238683606,-3.0527573270796022,1.2220405393040092,0.3058379042125553,0.5239668440276115
0.6312199941089653,-1.4615321780889632,-0.9218077882338721,-0.6265276294558738,0.21180697749071858,-0.6846656517802314,-0.01173018594559154,-1.289847242719216,-1.0056144033322403,-0.02855392944879216,0.8570280192765533,0.054445132381995325,-0.5462717755755306,1.3791898251047086,-2.160345297915378,-0.6493293977275194
0.9970052226427623,-0.16974109697596723,-2.2188160660781047,-1.012144729654859,0.5488934567951236,-0.864378662927666,0.6764231369182654,-1.4291534914732675,-1.234621489621179,-0.38020015973600135,0.36934557472546314,-0.20526995531440545,-0.4917186920920067,1.2004577517456079,-2.2266453455500166,-0.8583621070639513
2.7283570585164605,-1.3003528907230535,-0.9083746837218645,-0.7979520853451856,-0.4871076027026228,-1.8766613422672562,-0.7845713172608504,-0.5481401904671883,-1.9199131455734655,0.16246885704937442,-0.11978423577586002,-0.03125026485214343,-2.33006502970965,-0.19987240528511796,-2.2639867569383902,-0.6790585364768239
3.005388717248615,-0.36528547688517166,-1.8745793838826126,-1.0674577886065995,-0.2167768424118822,-1.9740403221969243,-0.16540364968387403,-0.6646424982148288,-2.2156161090356856,0.048691645061704675,-0.5088337187336851,-0.10997906415285767,-1.9749204189819807,-0.3900120866372704,-2.278177037222629,-0.6641260993129618
4.013244954780824,-0.3213016050083088,-1.8034984907490788,-1.3421442604656904,-0.17481268973865405,-1.8575007741977112,-0.07516948021361813,-0.586040987514073,-2.103405440179889,0.06275293543333613,-0.37362550451931614,0.07539171937417959,-1.6997804544131414,-0.3506903611405046,-1.9782191198398238,-0.5258228576532874
5.418512730130529,-1.2865663973090475,-1.8617869900527115,-2.008981323112125,-0.6534888632611761,-1.7053099880930789,0.8463227536152648,-1.1013260813583003,-1.9217276924195805,-0.3095527192581717,-0.6375104109012905,-0.06257557554772032,-1.7189496209054003,-0.47974247992910724,-2.2296478918341878,-0.5319398011850749
4.687747137401249,-2.1417700495187235,-0.8145533240868535,-1.9315703353226878,-0.7361006768017394,-1.3106821504150536,-0.06410382066709686,-0.9038157861320002,-1.5799625012348493,-0.34097509941012166,-0.17368904134538174,0.015312775621588144,-1.978300571944883,-0.5009544843919541,-2.179972416171878,-0.3453724201695335
6.792677563305186,-1.0062541669748168,-1.8492315408172555,-2.4360473466902444,-0.5877379894365158,-1.659863249277292,0.9849771846602813,-0.9502692723997007,-1.7251886814776116,-0.4934508794900775,-0.6053901073070594,-0.00904170342629743,-1.582442537530001,-0.25906836298901426,-1.8172850618501677,-0.5789760997674159
-5.144211066609533,-1.4761963810438108,0.9861180340367413,2.5494027041551273,1.9280208520834563,-0.033086384085719726,-3.6221050586799564,-0.7347805941044713,3.7715281222499883,3.260744670762597,-7.198045854661649,9.783148768953346,-2.4775418202803605,2.4536943603195893,-3.7717958012345227,-5.837779338501248
-5.1934215626814915,-0.47327815940551504,0.5861789093517665,0.9296896878279237,-0.07339290489952474,-0.6718383156347886,-1.5319868593072794,0.3485618274919776,0.7747578133480324,0.3092987822716859,-1.9062312929951635,3.0757649484332115,-1.1864302539615608,1.2825320534415532,-1.181895379087843,-2.7104302867299657
-4.492554421749629,1.2884120154768526,-1.2840016309598026,0.44056647638607627,0.20522676289480477,-1.3735006495896787,-0.38513914420662465,0.1520584610811464,-0.09253483657521477,0.3676311715587347,-2.791311309283574,2.625021284452989,-0.30814662873069215,1.6365942980089883,-1.7279617044343225,-2.694204799131841
-5.0338636686473555,-0.6647987192975694,0.920582470074867,0.20803640577452087,-0.5860605820146116,-0.15534328504161757,-0.7138538182743206,0.3956577659629094,-0.06403991549748261,-0.45043973680791066,-0.21697446849294164,0.5446660247021816,-0.39121704941717256,0.19452140968832,0.4884056225981732,-0.20767738449815523
-4.669311353125968,-0.8974215902405427,0.9236994418078041,0.045288406936386805,-0.5271877650905876,0.017020942936622374,-0.6306556401701479,0.3927892291835255,-0.002321072896634609,-0.40000749271252034,-0.2582279069277094,0.5978858349110995,-0.39056772065386425,0.18703045435173876,0.501110663932604,-0.1649510436173512
-2.3847641900350225,-1.2591660400437117,2.08265050371384,-0.7746067556053019,-1.4334141544677692,2.1510369725667853,0.20100483880235545,-0.32955812029809894,-0.05396436653004671,0.423012981288812,0.015399213112414519,0.32619067280902336,-0.1043935423013341,-0.022787886285931407,-0.2528886964308828,-0.541327971946481
-4.3900403898391795,0.022644378851005696,-0.02815794456905709,-0.22826928459538087,-0.2576396492786011,-0.07243705143966334,-0.02524689072431501,0.282609722905843,-0.3032999250551496,-0.5145668116500922,-0.6564105871534482,0.506596021728445,-0.036921011359789736,0.003448984853583707,0.49217382876094584,-0.14541813163554781
-4.045328669275129,0.6449312535862376,-0.7517694976039977,-0.3633797684524807,-0.2963813599748296,-0.6453853838987971,0.47003910851574915,0.2175190808145961,-0.8999653886071344,-0.21362821631684048,-1.118380843753437,0.21601353020098357,0.6186127333648777,0.5548374513793163,-0.031726730193664246,-0.046058298208141196
-4.01343631072088,0.6356366265019259,-0.7487287634878711,-0.35921122152433255,-0.305765842644707,-0.6566508262732204,0.4797714267862422,0.21880968530289469,-0.9042998686414873,-0.2085242034046552,-1.1255582782919735,0.21060287123687957,0.616585543924702,0.5705173102327713,-0.027523776065400973,-0.054145765711719966
-2.0204641915327377,-0.6559877460441923,1.3749769753666614,-0.9123626523869988,-1.4773271854545995,1.5811344297843792,0.6865020444763289,-0.38748634838780815,-0.6576460556469133,0.7253500394962762,-0.45915145202375973,0.02016803775745286,0.548637108814358,0.5424386753582804,-0.7688902564828728,-0.4407558622148603
-1.1219686476421196,1.980164317279814,-1.91057185277926,-0.852441990666658,0.11592001624375092,0.40457731734607927,0.6088441172855151,-0.08876252362607887,0.29387961280355085,-1.3608926696535657,0.01903374888563472,1.0928465663309188,-0.3253941900929787,-1.3419177373756828,1.3129535773395136,0.3180129928808991
0.04677881586951882,-1.7409846660362551,4.021259425755545,-1.3782769551110983,-2.774109365989135,4.157649575136626,0.006679901938580846,-0.015995458967367288,-0.6167036921953292,-0.6835747922760563,-0.21792963773719878,0.3740281344079188,-0.27417701726185395,-0.9765790927401997,1.2298876173867552,-0.1642896956076612
-4.726953024950791,-1.4684438190654558,1.7635008594942345,-0.6033721231749097,-1.0487068240825104,-1.0156139261238368,0.2578450523244843,-1.0956537632207042,4.167227154452288,0.9052309048526934,0.3397451291197052,-2.260421844062616,-1.211146433627537,-0.2421028665929713,-0.3362038485940279,-0.16396101176178285
-5.286564265386291,-1.7638527693356056,1.7671495269570525,-0.7574857590080333,-1.2347037186648335,-1.381365597410546,0.9207878502740094,-1.5272054121845677,4.348442488796832,0.8922068654935337,0.18421489982937786,-2.333049502783429,-0.9687670118061359,-0.10005682804150408,-0.5929803685438871,-0.17747283914843776
-5.37524542758483,-0.5840832040873734,1.1489264148985634,-0.3138892885805971,-0.8388988446712514,-1.5159458041887828,0.5255024583514432,-1.3564543448079451,4.32701289915016,0.673921054257079,0.4459438937081483,-2.383839225659201,-1.171107586084014,0.019309593030026977,-0.5629950811786958,-0.47367188096962576
-4.538560941569764,-1.2558194137030063,1.4219053036526665,-1.1116723863720652,-1.0309497241463723,-1.2934714723901415,1.0350106639532552,-1.6423817534300285,4.530585255274262,0.682862920306562,0.24509781803833636,-2.2498195037240225,-1.1519466054901863,-0.17333137781199484,-0.463699421750695,-0.2643735791596303
-4.5090311082163455,-1.2613886988609766,1.4245178942140018,-1.1105680064049348,-1.0373467196222181,-1.2998926678517562,1.0397848682193047,-1.640746617836751,4.528548045868021,0.6856818359487692,0.2399151379309825,-2.2546239460839157,-1.1535114037123666,-0.16281218597339478,-0.45865834681408774,-0.26862589540828385
-3.408729493010853,0.8451744016656993,-0.6367315946173893,-1.7545017805171055,-0.6657352439768008,-1.997371173651979,2.257582580432441,-1.9196821134468058,3.717589241392458,0.6671781010541914,-0.5026326682376431,-2.56090313739737,-0.22531918932861492,0.08671376313942375,-0.8943473392019263,-0.2234660642594278
-3.3828323911826166,1.1340844874572535,-1.052002528275574,-1.4222621001779876,-0.36770426818089785,-1.4068817173113042,2.3261141915565178,-2.0951963041082147,4.767215499718619,0.35183494573494395,0.27186386838504945,-1.8682857334301721,-0.8562297261872749,-1.3159530959006815,-0.09339098970762134,0.22517074710799287
-3.069235036745314,-0.8501403510589696,1.246168531074686,-1.514401027364291,-1.0708268325660637,-1.1095512678129367,1.0219266617234724,-1.642726596919377,4.4949585787605555,0.19915379248321158,0.35529436517668256,-2.3028022439903024,-1.2278735342771312,-0.3073403238442406,-0.0860133824226443,-0.2854995457650674
-2.9988059396197637,-0.8606065810685273,1.2522114198429684,-1.5143226277263524,-1.083957686947276,-1.1211469566564622,1.0293833064430742,-1.6384185538157523,4.4919326814105105,0.20410823335244102,0.3442905646919515,-2.314070401036746,-1.2313160214261258,-0.2859610285202068,-0.07292422886634614,-0.29263999910856064
-2.247264464844307,0.8377188724748014,-0.5330900748126688,-1.9899473683727216,-0.8076154581190531,-1.7815031602935056,2.174436874823672,-1.8497333054891458,3.6071463382221522,0.360020478098312,-0.42745097339178534,-2.6143767398952416,-0.1663133829946261,0.005253035553413705,-0.5682375923439654,-0.14545046057836652
-2.476593688615688,0.765644466435759,-0.5869735101539091,-1.8680053932276126,-0.8240549164131004,-1.8079139000112936,2.145958642689276,-1.9888645725855294,3.49506438466843,0.45348675559598856,-0.4580052655696477,-2.6310822835008145,-0.2848147175380011,-0.054353433443311935,-0.6820359996702997,-0.13735305305331705
-0.920194244421504,0.3419194209723494,-0.9748773975619882,-2.029249020501267,-0.6252346391280271,-1.1215862053361891,1.7116470975154456,-1.3220410851628261,1.5785892225122797,0.39218510016251446,-0.20490464980229367,-1.0937008603756617,0.5886451720523809,0.18881285570980202,-0.2634907455835789,-0.08753381367570562
-2.408101821425513,-0.5096062481412692,0.4301049218346054,-1.087160220158434,-0.8127209137546526,-0.9945192693536732,0.5594470912496209,-0.42790805187787667,1.4773432906820887,0.01430899595638917,-0.4886421454362193,-1.073198253397524,-0.15066657478553525,0.47584244732859776,-0.024385806318960226,0.09655876493468227
-1.5772668889291777,0.7385481576140338,-1.5135033197650798,0.03368210441616856,0.6422970335047405,-0.7585081748323381,-0.7163175042982669,-0.37914440092624935,-1.480280647882562,-1.48536485984817,0.1264166014877597,-0.2045965618619481,-1.4061727492023546,3.302948378533936,-1.6744120335387234,3.0640375665222535
-4.603385007116606,0.17691624020811492,-0.2625380550677683,0.5225389213018783,-0.2977772280924872,-1.3370557276082229,-0.6897845269306813,0.2524762844625248,-1.0362520328971636,-0.7458307234839305,-0.08962091087033477,-0.08271878526037342,-0.7884940268989423,3.5113120485182354,-1.443676689924054,3.061362198703217
-4.288871442962868,1.29377842005203,-1.3948970326118526,0.19278473300743176,0.0090347605904144,-1.471286663954793,-0.04021425297939717,0.12449930161955841,-1.2967436422986214,-0.9805397995050243,-0.5257493580585912,-0.25067470271017245,-0.5830605636887773,3.3216117142656634,-1.4842916868651674,2.967577407149648
-0.9267595165896672,-1.7145821457291726,1.3706283650470408,0.27861501309952685,0.15193146995607776,0.06506037588088966,-2.5841385760859588,-0.6256067480066587,-0.6823378890565441,-2.527279596951015,2.4947796220148333,-0.23968525938527813,-4.226508190351006,7.923719856534982,-2.628731873277714,9.427235017633944
7.243726780412047,-1.212348885551667,-1.0377169469680614,-3.1035975089754957,0.3611845672010339,-1.3310905039871035,-1.7866268525999678,-1.2041559793206222,-1.8998814354889797,2.883159056622292,-2.7655154404626003,-2.526336631674395,-1.0823531226882404,1.2107213363375653,4.355153142066373,-0.7785314540438855
7.358497536386986,-1.2457973799663173,-1.0267742833004316,-3.088596195057408,0.3274127102647399,-1.3716313544076209,-1.7516032426843535,-1.1995114920672036,-1.9154798914468423,2.901526823918049,-2.7913448123024676,-2.5458079234754187,-1.0896483518622722,1.2671483093107399,4.370278276879101,-0.8076357536750841
6.139236042236656,-3.086830856782708,-0.6616976173914464,-1.9258647925219372,1.3933217195952878,-1.4802909752085283,-4.0544549235118,2.395357809184459,0.01027628767500615,3.235410788771476,-6.850302221525995,-5.950413648350332,-0.5001478531625304,6.883424049590248,7.290713698898148,-0.8984245350365867
-3.9886997002009514,-0.6238260742904342,0.7899930753367425,0.22076275834800327,0.869463707175975,-0.30012392096288265,-0.5213287691744889,0.667210594820941,-0.19269527416574156,-0.736214688806807,0.3080536651886558,0.517729905228547,-0.2637100997913688,-0.06801738609890086,0.5475268009492457,-0.21781106243152804
-4.242988350796218,-0.46244485513815625,0.8001961533662011,0.36555366022315827,0.7923198172246881,-0.4852433436984043,-0.5609528482612217,0.6584424357421869,-0.2805272658755953,-0.7749299527304565,0.32519260314943216,0.47870746081221105,-0.233360821694182,-0.03981475101787895,0.5536013497744711,-0.262567756549624
-4.215936031680196,-0.4693799092916921,0.8027120167437872,0.3682285284728916,0.78507588441732,-0.4935460842015278,-0.5540216366760368,0.6596747185597457,-0.2835863812933503,-0.7711964716713333,0.319561635898328,0.4741821219541318,-0.23498279233609548,-0.0277642236747555,0.5575256649623205,-0.268416591304902
-3.4794096353262547,1.1506603893883613,-0.924703768453835,-0.10393479184079914,1.0465025263185612,-1.145348002342894,0.5613355714033234,0.46971898464028305,-1.2007947590868113,-0.6068807520438071,-0.4958821129581736,0.1251267490405287,0.8218234724858091,0.3099573695425235,0.07051481925119114,-0.12258384837600032
-3.414923381885724,1.1387889700980507,-0.9353931944700121,-0.07821133990142735,1.0473002158924236,-1.1239958039751365,0.5650924268241888,0.4647663532621571,-1.2112444371786868,-0.6376085815541362,-0.4871805446858447,0.10627632995457917,0.8279473844098469,0.3330218810876816,0.08139957957467102,-0.13723686670593888
-0.4227659304146595,-5.73695585456346,6.035638043291279,-0.3398745687019654,11.131595006110139,-1.0022283878382536,3.465195217249277,0.13938596329972552,-1.1639041352688821,-0.5363500030221567,0.04149413461547641,-0.4806790751993445,0.46075802527115617,-0.7273400972141835,-0.18765679773130794,-0.003300397753505164
-0.39146481514876696,-5.746078171222,6.038622406109728,-0.33578330126976097,11.122384499672963,-1.0132849834074846,3.474747110862627,0.14065264164156666,-1.1681582596210285,-0.531340611941497,0.03444976047733377,-0.4859894275087174,0.45876841731460316,-0.7119509227669547,-0.1835317609641992,-0.011237934016557566
-0.32615557737443235,-5.764162723513756,6.044785824043189,-0.32810799504733107,11.103883281220162,-1.0351013407174465,3.493352859086352,0.14343308687693185,-1.1764168603580705,-0.5214845417837874,0.02020900261294048,-0.49700519696713824,0.45471470361467825,-0.6810914044327746,-0.17456573417210822,-0.026788201982234736
0.5257348917602428,-5.411073683796548,4.322560554642666,-0.533064798554028,7.604062191391264,-0.642928041989618,2.1799592531303724,-0.1268840683526687,-0.7432057537874598,-0.013421684878805538,0.31226774999364326,-0.03804254793789742,0.4063745626335705,-0.34037147798484274,-0.12392441434723711,-0.1065920624581037
-1.968999572662921,-0.44095940932321015,0.9037241186350481,-0.23560049429546445,0.6691298596490232,-0.04302920894345003,-0.5830030148845976,0.7092539404179431,-0.322379407753519,-1.29213781139237,0.43276847762932463,0.46666507809310737,-0.17429014004832324,-0.12539481834837138,1.1172699757061646,-0.1468390968555987
-1.2886963029645846,1.4766080287106935,-1.081143827067892,-0.7088934897858085,0.9739458228614181,-0.7628842953533425,0.6209376408901682,0.46898214119618614,-1.1015919769051277,-1.2470734372433707,-0.36570981391036644,0.1179293227042418,0.7032353797432356,0.12455678458229354,0.5318849467933392,-0.13406627329862403
-1.9081362929792411,-0.45869724727037364,0.9095270463375811,-0.22764525206617567,0.6512205415767465,-0.06452814477251105,-0.5644298884141967,0.7117169260826335,-0.3306513162160224,-1.282397328735529,0.4190710834718197,0.4563393930471094,-0.17815882218606635,-0.09547142358987015,1.125290880531095,-0.16227319514487087
-1.227833023280903,1.4588701907635304,-1.0753408993653604,-0.7009382475565205,0.9560365047891417,-0.7843832311824055,0.6395107673605704,0.4714451268608777,-1.1098638853676315,-1.2373329545865266,-0.3794072080678734,0.10760363765824477,0.69936669760549,0.15448017934079278,0.5399058516182702,-0.14950037158789647
-0.9748034749548161,4.655195808671284,1.4695393638497085,1.5766962897304586,0.5356068128590243,-2.39012297744951,0.5799577564373272,0.6159309586228562,-1.535958805020099,-0.09296674496081009,0.11645238338839464,-1.131962906382425,1.0359029300929459,-0.0857275027876529,0.09419437802745813,-0.6160535161167899
-1.5016311884345324,0.822939083091912,-0.34543737577645345,-0.5629306731463984,0.9792125042963571,-0.22721143874545127,0.15606641322774945,0.5404232802502554,-0.5182663423326721,-1.5313325752454106,0.0699871560644943,0.3866303766736137,0.040047450991226176,-0.3712916753128826,1.0758099411148077,-0.25935955743793765
1.9170669478617033,0.11791122340868355,-1.2181736430377854,-0.8494550111042568,1.2856012962427943,-0.3932069579389994,0.5318018341013914,-0.6932359847725029,-1.0928700429186875,-1.1523907335657517,0.6341975091683969,-0.2186540108016644,0.4110363764748919,0.8098914390721307,-0.18322084906902214,-0.549171193739117
1.3214419491454696,5.280250145270863,2.6948241263342014,2.5357789570016163,0.9962648379213781,-2.9553644677959094,-0.23735144681826897,0.248661915539279,-1.4404482128191392,-0.31753848617686264,0.41921938466542474,-1.3586338325907266,-0.30568733818158195,0.3101643357159681,0.15026903932685992,-0.5087242011177486
6.866332585635045,5.928847588900347,4.173852818743936,1.404862727523588,-1.1235955403919173,-1.3378192406636888,1.358661506277973,3.6809839356839156,0.3653635033810978,0.44334858015210143,0.5042792242029275,-0.4722490248435067,-1.5215992828659288,0.44994657920322584,-0.8526754108610093,-0.5424227835794656
7.180777387070529,6.094989170394346,3.864420794598234,1.6691525649329984,-0.8650180614484042,-0.7443982293296482,1.3822307393845001,3.5617695070783486,1.3299820886722973,0.13868535714283087,1.1904103090258027,0.10968749248826438,-2.135748726001246,-0.8245597315658866,0.05562271796677638,-0.08119264265248323
6.5518242773927735,3.79254446247084,5.911734091659005,2.8914601319011792,-2.0870527341380654,-1.4245028083125608,0.6308573452202155,4.064490996838625,0.9625142297966123,-0.12179674254405383,1.708002419571652,0.15927182344710752,-2.5555176337193353,0.08758735684138158,0.26889995830780183,-0.41157167218544327
7.824786158247546,6.143760824723406,4.1713368906097745,1.1383840787751187,-1.0937769122320073,-1.3556482821081592,1.4158118167304905,3.716165911203731,0.3790579947432414,0.33576679440178725,0.502422760661902,-0.4797436557224069,-1.4645579979852157,0.6255779620844302,-0.5486251195378938,-0.5725905977176062
8.577345120919485,-0.38045975289901734,-1.44808450991055,-1.7881407211048237,0.03228546357549699,-1.689875169133034,-1.8034003567456256,4.542621305975168,2.8327195644001266,-3.323332294390245,-0.6362110671364928,-0.29875118976815807,2.3527601377964458,0.010026827257089938,-1.390505294001583,-0.4062972919327656
6.678325599489451,-4.3047745707783855,1.0426431928176803,0.16882705160959105,-1.1180437479802738,-1.489975409137558,-3.7496951177548548,4.896764166330422,3.130655758939575,-1.551020860699854,1.0331922882200255,-0.17967622593630758,3.6858922177628344,0.1804660865562258,-2.2817465245378656,0.3597574804095859
7.022230167494237,-0.7372236677620596,-1.1996371889942776,-1.7547655146531858,0.5517316386354728,-0.9309767181931377,-2.050665159922699,4.509152175571545,2.7546223041657134,-3.0925736577960445,-0.39298897225960067,-0.2909932613458181,2.8481166378618243,-0.27651466896465804,-1.1593660684996203,-0.07470420939808015
7.151184867591597,-2.302442817710912,0.445821281255856,-0.5632009009375605,-0.1806987373347046,-0.9601457894812342,-2.7807041075179897,4.70591321124426,3.469949957246239,-3.8575286572894996,0.8673615690336339,0.5018527918809742,1.641488750874039,-0.5884636038793447,0.1590844634971024,-0.040475132418664496
2.955721972108836,-1.432361287468464,1.8132921867695921,-0.6060351524081941,-0.9206351763125726,3.930690148640994,-0.6028027979184568,-1.1302455026973792,0.0026828097616068457,-1.1444294437380162,2.492047208265075,-0.08165529585631597,-1.687713428813481,0.7297085458149978,-1.3400513150929882,-2.0773706600539885
-4.900151583541684,-0.9326496764680626,1.4785239671867816,0.09463768930903559,-0.9169007753328399,0.5497078546059051,-0.7298458080496727,0.44112554367151885,-0.40687829804027414,-0.6734528311957005,-0.6658394048592352,0.18591310605094283,0.06809137306232332,0.2000365485010353,0.3732829451338947,0.14734040013203836
-4.5214222933126935,-1.1637078392805793,1.4832546576434067,-0.07008016601018173,-0.8582856445118967,0.723270298934929,-0.6494076850138414,0.43962285723760297,-0.34355912721840115,-0.6237615379487783,-0.7078826715059329,0.2370585945806582,0.06808388455780152,0.19289906525692074,0.3897898609625767,0.19196886109925
-4.472244278260286,-1.1666521025278436,1.4871826253721359,-0.07398490041678307,-0.8641603815532088,0.7209354539066922,-0.6502898097890829,0.44326348164010826,-0.3428322179325847,-0.6230424067491412,-0.7134637861034885,0.2294856286061565,0.06612878687250479,0.2020806582387827,0.4005813196662159,0.1916331631508062
-2.7701453882907074,-1.2890765662738382,3.576152986338829,-1.0700203113897349,-2.3876962278267206,4.281927399123756,0.43495394106842844,-0.25017008724589984,-0.9257271676293969,-0.6454990672306357,-1.6842749228875453,-0.7429486147428148,0.14175461678335585,-0.20118048955539003,-0.6194557264831968,-0.13551173648937362
-1.76302335496551,-1.6632674276044626,3.9991911806543183,-1.2525654454786963,-2.538171928628406,4.492471732794026,0.3794166064060269,-0.18426980346112,-1.0861530570770277,-0.6500642665059893,-1.5837820791637733,-0.6429271107457741,0.5389498831675849,-0.13472957739791253,-0.26705377816418197,0.1210916069618811
-2.6380878219761463,-1.5120838101531586,1.76732039972257,-0.4062911191728125,-1.066070828842286,1.2849600020502434,-0.9194060841183563,0.5767019765222431,-0.6252119964115906,-0.953907515090242,-0.5708966201662233,0.23736555865320194,0.18892492234371766,0.05086091644838838,0.8793595048279503,0.3985781803688994
0.021316746536662674,-1.7716142811933493,4.226460005154904,-1.5286782609285403,-2.967949601010904,4.8638300037717,0.20210282369062432,-0.11582351273894377,-1.2371919100236823,-1.1479848924196956,-1.459199090196914,-0.6663735142151838,0.39294313843514894,-0.5294903448498819,0.09177966573459605,0.24054262342911223
0.15435185886555125,-1.7924885607472674,4.234673279155096,-1.5228130582359982,-2.990676821848024,4.847466629066307,0.21647606788752208,-0.1095591154176639,-1.2448642611669691,-1.145273067996455,-1.476540616364412,-0.6894085482980183,0.38822924076405235,-0.487557020579473,0.11603929027625678,0.22474270116751707
0.14384283966250255,-1.7884768349105564,4.233607907150548,-1.5250477109049114,-2.986868146930787,4.852431803246261,0.2119450071366893,-0.10984684661031476,-1.2428184273621508,-1.147550856234128,-1.4737183346497398,-0.6875614643848545,0.38899479967000283,-0.49397350257302486,0.11501356134357633,0.2284189099279058
-1.9362055933455093,0.6323115548059277,-0.41098532560203865,-0.944202784847168,-0.710316636873219,0.537184219295265,0.3148497042490165,0.31564275474760867,-1.343899693097734,-1.0388794178816962,-1.3911551836499605,-0.1753347725814643,0.918271540647904,0.2634755975520936,0.2600001659102962,0.31205525993877237
-1.8728147150505887,0.6214291141305108,-0.4054486368048511,-0.9428055907400794,-0.7232389567504396,0.5248167624976346,0.32360125037635257,0.31930836761685727,-1.347574675162619,-1.0335019258030675,-1.4017637592056285,-0.18557576104473839,0.9150227477446311,0.28464385233284817,0.27122784099611635,0.3040703147381571
-1.0344401480503682,0.4725870693937036,1.8234819472027965,-1.7862982704964323,-2.190847705910853,3.734261844840174,1.6228797945303135,-0.4443585371618464,-1.808963720150613,-0.730286227920163,-2.410415513348875,-1.0602087150162256,1.2665212390301788,0.09201240681090321,-0.8831816791140266,0.026988670551924967
-1.4186818360525415,0.24331218017629888,0.3570313331843908,-2.0539341462761183,-1.5389036864273102,1.9400287355544437,1.2054347612181002,-0.3791175626956261,-1.5171628776990755,-1.2391615277712928,-2.2408864270854116,-0.9535958174827237,1.1137185866523207,0.13709414364328865,-0.2714315425129877,0.14418873459092307
-3.568960760017324,0.24818424659720104,-0.37207275888996455,-0.01308884568915627,-0.36313186203892756,-1.0918939922035547,-0.5303452187327793,0.6107013820654102,-0.5327597732780247,-0.3209848478852808,-0.9408423656203416,0.3939215399800011,0.2877474814398181,-0.7337010539990984,-0.343975562699534,1.0493662140648212
-2.3310105977211575,4.003415410914708,3.149919559266711,2.680348295377017,-0.7413443522897358,-3.0631515953096917,-0.6977496245252602,0.8833990534495072,-0.6351142503773699,1.1028269333130831,-0.6012420284871056,-0.7333135978464214,0.23326910949807808,-1.1659784346329451,-0.49639564300411276,0.9488149032384551
-3.5132642485041155,0.2374564230359776,-0.36713019107959816,-0.010803041204830574,-0.3753660348414775,-1.104300228114487,-0.521028647555197,0.6137530291019654,-0.536747640629068,-0.3155276889031813,-0.9507251659634024,0.384844713736768,0.2847731174429067,-0.7135663261216897,-0.33455215349032524,1.0411076730680926
-3.252921004367274,1.1707444357156516,-1.3344822000017034,-0.27646266354671684,-0.10513903874421633,-1.204555576745891,0.10231515202578767,0.49561258381723683,-0.8345053821763376,-0.42780412750972013,-1.3392193421589398,0.3084978428692543,0.6402955187703211,-0.9031627531751562,-0.35345618725762806,1.0531932118010412
-3.1128192243585673,1.0861569642073268,-1.456392033577784,-0.03620949684772819,0.1427446446766693,-0.5483586853923786,0.0056512351924240915,0.44148418437082293,-0.01825406735152596,-0.7212399959619932,-0.7769839872884512,0.7413917137035763,0.03584790193031702,-2.0516266956436695,0.5836850604642831,1.5380505392528128
-3.472791639677919,0.23192461799420788,-0.3636898487755543,-0.011195945985315465,-0.3825474240861416,-1.1103264438685991,-0.5174171151429656,0.6162986367899557,-0.5381723871884552,-0.31298369456878555,-0.9568160327890838,0.3784020313492175,0.282844492970183,-0.701916204052077,-0.32684766876765314,1.0375187180880712
-3.7686662022345123,-0.5088756495131911,0.44895494537342445,0.12091394965770379,-0.3729960965110902,-0.5290155190427364,-1.0551805082917858,0.7170730515064403,0.007393595684487831,-0.6007820076388339,-0.5657864061984523,0.5876768449721639,-0.3841004258677454,-1.170782340748381,0.22633780461481454,0.9357753083232421
-3.2124483955410787,1.165212630673881,-1.3310418576976575,-0.27685556832720204,-0.11232042798888135,-1.2105817925000029,0.10592668443801939,0.49815819150522667,-0.8359301287357256,-0.4252601331753248,-1.3453102089846225,0.30205516048170433,0.6383668942975965,-0.891512631105543,-0.3457517025349561,1.0496042568210209
-3.0831746445025714,1.0799848350642378,-1.4537304604600363,-0.03457348706028726,0.13588407774583453,-0.5555722364604986,0.011254923616553343,0.4430414378520822,-0.02067740577990052,-0.718045153613137,-0.7824668157617294,0.736529290674749,0.0342172686048604,-2.040301251332948,0.5885257321554505,1.5331623660310636
-3.388776668074907,-0.7902192135394115,0.3542400154122619,1.1181500560858213,-1.0045667770665525,-1.2649224201766758,-0.6333147666076548,0.8316386000441404,-0.19692607726556496,-1.0489107758422878,-0.09891099201969077,0.9903689990012611,-0.421301949691215,-1.286694824045812,0.8324614988951703,1.1842642388155296
-2.0494761764836658,0.5394803868481672,-0.7080025611483458,-0.6919530126724805,-0.2368969733874989,-0.4016387919338647,-0.24487401137266782,0.5164144064814037,-0.2162157001652328,-1.1387190827802276,-0.9057287779863488,0.5216008299118484,-0.12757236589282184,-1.5941095642640286,0.4136567479228651,0.9297718701149863
-1.723821394330241,1.1589699292469176,-1.4328731200529983,-0.8219771026599072,-0.27633491875095584,-0.9788823216315777,0.2562487415658282,0.44934220172738804,-0.8157256380914842,-0.8355860811728838,-1.3674336604965236,0.23368655534426275,0.5283140968113358,-1.0410928144753364,-0.11591627743761947,1.0250651540016587
3.3453779276549485,-1.2280280340796212,-1.9985817505957195,-1.6192228528028614,-0.39204855705211594,-1.5919536416364144,-0.5779696553377895,1.2460215646354202,-0.23611956016290425,0.27213220088148,-3.0520023840040698,-0.1763575042327992,0.5742771690921362,-3.197270752462131,-1.2844840483825903,1.8065185541114768
3.5944170988138135,-1.1375152476442627,-2.244736014006015,-1.3799874607517917,-0.12483006195937696,-0.9600696387368889,-0.6113497872874811,1.1501605961485326,0.6749223902632564,-0.037228017329831935,-2.401385460073391,0.35552109822016986,-0.02833407368799194,-4.442301584233209,-0.35847390008346475,2.2904412455120866
3.201803268908256,-1.092275920480706,-2.010890339649281,-1.5509856928693464,-0.4229759524229026,-1.6944872867352672,-0.6085890328215657,1.24006505703302,-0.2921987875779943,0.23932486718809187,-3.0226169652122548,-0.1950816463039697,0.6007730279188391,-3.1920954563525585,-1.269469810325864,1.789080518703187
2.884151819229083,-4.391271556403608,0.8239943838958875,-0.4001220833316116,-0.5534059526495256,-1.0476755444301489,-2.437362430461868,1.2465439296766656,0.19754114340065035,0.26806894988391927,-1.943961274527894,-0.1113324353337878,-0.6786128162785156,-2.8005177564148407,-1.2050998263446535,1.8242030897593597
3.8699225518646867,-4.192141870254787,1.90951569408639,-0.46307058102809023,-1.2642463446065644,0.8519462378185394,-1.839114670249954,1.1154509109282102,-0.10529107721649936,0.5603586887656337,-2.2642531922409375,-0.40792043198768024,-0.8421606636219142,-2.936762851997716,-1.9324814376442676,1.478273194899501
3.528343232967847,-3.741919587601719,0.4287254787498462,-0.737915104279039,-0.3830520869616499,-1.1009475762017922,-2.368060091132699,1.1444292737344952,0.27022900647627257,-0.07256700938067062,-2.008653515459194,-0.23970853920690907,-1.009343192612659,-2.7420856390355843,-1.0619847299425833,1.591101146752618
3.390103126330064,1.868289624107917,-1.4729241720064055,0.055738970424402345,2.1399945342516853,0.9400884714895025,-1.0665069010920947,-3.4070610522843823,1.6251648089013724,-0.2680582407744031,-1.0463446826287772,1.8597782937825238,1.3007798669878905,0.8548850133709537,0.45431825671376447,1.356904391778133
4.575285675841228,7.015442599314393,3.2322663318332485,3.7346790521189304,1.1012739023240241,0.6930877088177931,-1.3576540507642538,-2.562998593878349,0.8646577355251964,0.3761465138480153,-1.3716219961175269,0.2672171943993171,0.4701318250565714,0.22128088079017205,-0.06713048127616508,0.9709964952453897
4.098710162711233,2.3175795238704775,-1.8603278078277652,0.09086480901656734,2.5261443535103005,1.5958346011919016,-1.0639930696477027,-3.5989527424769476,2.5729443485012804,-0.6800931293132801,-0.29502860330384384,2.5089446057023173,0.7032856172030917,-0.4301617569678426,1.535387660410476,1.8491209104412112
5.70379875425252,7.2194752364036585,2.8396820395222924,3.571064066707736,1.5760061196413013,1.5839972206691095,-1.283131933640784,-2.7443602661658093,1.919029750906611,0.022791834431682055,-0.6580954590207339,0.9660868364629132,-0.15974213043825014,-1.081071352122613,1.0203037932797547,1.517782565374737
3.549747195178632,1.8713920371850365,-1.367865254810482,-0.011195802730572201,2.0571979287930686,0.8634547937155579,-1.020477207063101,-3.4301801361387128,1.610927280665649,-0.2670813150632153,-1.0906210833575192,1.8469918008573543,1.279514593339384,0.8820628463924479,0.5533778854617716,1.3569452034496152
4.733745118269054,6.979700633219017,3.2466769942380598,3.7459191920562,1.062526225608177,0.6508979880355804,-1.3238635838309842,-2.5550731644044955,0.849914685272761,0.3949508451398574,-1.4022543063767912,0.24104003277986152,0.4611328500246446,0.2854403506879533,-0.04229651095252893,0.9419372518842537
4.2042653083985115,2.124628890969103,-1.6145227588165278,0.03540924383259993,2.406449688892364,1.5352079567294452,-1.0835557512121474,-3.5718419209595678,2.4718785091952675,-0.6562698125856383,-0.4463435018577882,2.378901809511005,0.6648778197671428,-0.2850236284077241,1.6510394948194025,1.8417501964124716
5.84539037345373,7.188649185396502,2.852484461963832,3.5800994680843186,1.5422218825054859,1.5477657763880954,-1.2544888760435948,-2.7371174355761703,1.9065792009994962,0.03889666053005656,-0.6849316343277747,0.9427713646990618,-0.16766892784914614,-1.025204937343617,1.0429148271233386,1.4930007721109129
3.5843849562288597,1.822107673392211,-1.4550980721538171,0.07166133864519593,2.090705944613298,0.8852450913336108,-1.0217848225791022,-3.3976859798193093,1.6055531496681488,-0.2435209396902485,-1.0850388877350303,1.8275237289645654,1.289503896183462,0.9366565384694523,0.483873102448646,1.318761079138168
4.770263086079266,6.96905793045072,3.2501587508595775,3.7506923373937746,1.0517806347648109,0.637998626538143,-1.3127197079487425,-2.55359537300568,0.8449515401952588,0.40079513473396283,-1.4104727428712953,0.23484462175226242,0.45881164074199776,0.30339438754305353,-0.03748396805757046,0.9326767929106887
4.539196588739741,1.6962752237546017,-0.3488702935474671,-0.07382517161290647,1.2723473555115379,2.7679493663244443,-0.11408766750904065,-3.744142199596193,1.3732423756369398,-0.07887864967359388,-1.4760361915642646,1.4611818750936005,1.2430594917555486,0.8628141590858961,-0.37669012484361575,0.9900414572154247
-4.987233881008148,-0.6336936444341863,0.917370617086907,0.1941181789257653,-0.5662140281142577,-0.05352387980146455,-0.7097357450091208,0.3548366493343879,-0.1899329438823532,-0.7775205557406305,-0.4575437934553738,0.35595460740105317,-0.4707575863310762,0.15586692978023056,0.3643802275926248,-0.01955490691348459
-2.8051092503674586,-1.1413909769936539,3.1901865650774908,-0.9451257726478143,-2.075342803974885,3.7156644325226487,0.43414716119698465,-0.299691950661569,-0.7201408724434366,-0.6604597970310703,-1.4212870588261968,-0.47423465155170663,-0.23023719202487494,-0.23173423384685177,-0.5739294189305862,-0.2004461340557175
-4.365875030906232,0.05308638036337076,-0.03238731427330593,-0.2372363291307578,-0.23701115509451823,0.02648220455271294,-0.017062476011372327,0.23980108942180428,-0.43101147159772796,-0.8401478682316671,-0.8957415453415171,0.32115366261050243,-0.11611624901835098,-0.035870431928672265,0.3622362608134581,0.04014502658997362
-3.807143423911584,0.7681564545409365,-0.8138364100648017,-0.4617107757734348,-0.24394915618379462,-0.5329979515198734,0.4914009126035124,0.16255805960417627,-1.0534111753167892,-0.5673617525858139,-1.3098114947837551,0.05911852223274561,0.5981910942992882,0.4904306849431975,-0.08568693207130273,0.17582723733010047
-3.6075909679504017,0.7522536037086526,-0.8015153203436755,-0.4717697172795785,-0.30138565310798837,-0.5437140103808396,0.47372975681002366,0.1828126711327603,-1.0531545147608081,-0.5925372919087811,-1.3192530571890673,0.04108246064814106,0.5826902633485352,0.48061480701984716,-0.07434646831135494,0.1897468236629518
-1.0903165018442709,2.0096190457648233,-1.9174422803622613,-0.8567993184641075,0.13815683490408526,0.5094275611126283,0.6163936607655925,-0.1328081399492537,0.16468995372614892,-1.6933659883490313,-0.21743070219774774,0.9045391911674018,-0.40304025123835097,-1.37903435731753,1.1844080984191496,0.5018153143914882
0.8454646168285063,-1.9026465370233816,3.959610207436038,-1.0747771362896439,-2.1568285043826365,4.1764383865714425,-0.29238394925098693,-0.6791447671834825,-1.1419488680233405,-1.4722714955099458,-0.7341697970003279,-0.5377086740941568,-0.6908171794220089,-0.1585087064786537,-0.297229729788423,0.05463419930307628
1.8142711068766872,-3.9939701287834475,0.9560804530533809,1.7219964659087688,-1.2909985425678623,0.0605889668146602,0.35155456740834384,-0.997966569309962,0.27373831791957626,-1.5263513542908005,1.1058869530281163,0.4272065844256081,0.45726832916945864,1.5155694811753162,0.7868339432688408,-0.6279733164681462
4.762610605476059,-8.870996823876018,-1.1478176484167057,9.552176486110003,-4.55183908773152,-2.813023374209536,5.322387533937017,-2.5014426353687162,-1.0695821213454595,-1.1847443582379926,-1.3008656768219344,0.8953050913178933,-0.6094204575855339,-0.3797174861683188,1.812286401731343,0.3356891359701416
4.814779130919214,-8.886200684973588,-1.142843710385964,9.558995265163677,-4.5671899317934725,-2.8314510334915877,5.338307356625932,-2.499331504798982,-1.076672328599033,-1.1763953731035566,-1.3126063003855128,0.8864545041356099,-0.6127364708464575,-0.35406886208960475,1.8191614630098576,0.3224599088650507
4.873567206006773,-9.14450285237251,-1.2814132854495701,9.33203616046019,-4.399174555370069,-2.683091859861104,4.424674753258675,-2.7605656862013137,-1.070996497325412,0.5287643996220979,-0.7141889917536034,0.43912181532416295,1.3419101557478688,0.14291221180292132,0.17147992017257893,0.5854890217875255
5.238275900563655,-5.061026820926899,0.9148796051003774,2.133476830207814,-1.338292524453657,-1.4689174892723131,-0.7769116067268237,2.4774068570824563,4.605130637918068,-6.453855289042022,0.7659854018878902,0.9333945438256057,4.777479535695828,4.75421781361771,1.4779351463387636,-3.925403313067103
0.004422287193895026,0.9492096209903144,-1.1379059239263059,-1.81206719386538,-0.4923008542439068,0.2287407088093032,0.7141520542026168,-0.8138132882896646,0.6641810803643244,-1.0656696016202338,1.4146943976417699,1.2305877395740434,0.8083567144781748,-2.1936668045214667,3.24724685799049,1.329592347093622
-0.9758469954312533,-1.439952767546838,1.4081048661698405,-1.5021525638722226,-1.1472099656074375,0.36580508241575493,-0.5525223332138471,-0.406877454987114,0.4269508699191864,-0.6574908921020591,1.4954926015663037,1.0126524623914295,0.6584748009843256,-1.0718008691997687,2.954309474607672,0.9289847374812636
-0.06579056268068094,-1.4874441878937616,0.3154763179640544,-0.9172224752059802,-0.4875520122916584,1.1368117112778282,-0.3388219459154216,-0.45853186252656736,0.36677003942721964,0.752417147142085,1.8256049442461741,1.0660219944147518,2.0454686395091906,-0.024675137104936292,0.9109640007252924,-0.09703661589374195
0.5773588615101729,0.25183237008028425,-1.5423650624684708,-1.381398751446786,-0.21780567828194258,0.4306086224313691,0.8066259797020605,-0.6528771297604447,-0.4909882170708611,0.8183685963651095,0.9292720653557426,0.6099570872443876,2.9073304473427513,0.33422626216098933,0.34282737486529236,-0.09166864489276079
-0.6449428943136385,-1.3563029537276816,0.7924366894022485,-1.547307318489927,-0.7924720110333615,0.43978050901306565,-0.21258477312021912,-0.4008654601874758,0.49448864713009755,1.419628284934772,1.479783152756367,1.3573775473617922,1.851729421583357,-0.28460914021883704,0.9478293922674075,0.11813716569890076
0.7276290694197248,0.21999546028885317,-1.5288366375165179,-1.3726066843095674,-0.25299748134845135,0.3933164740024507,0.8357988267852329,-0.6450630299406348,-0.5036301808348452,0.8349088320189038,0.9012142894107751,0.5852719628051898,2.89900811903454,0.3923599333834356,0.36715685569468715,-0.1170331864519844
1.712164462870268,-1.9984634056299653,1.2466127494096362,-0.7417396044540919,-0.7575172514953613,3.1454379567385504,-0.8149072032015134,-1.1954464388782888,0.006672546466966719,2.8076843895572514,1.5125088569210396,0.30559043241180445,2.198883904328509,-0.46209061646789235,0.6293083844137537,-0.6720776243678052
2.3618879746336163,-0.25996159409379455,-0.610035461726247,-1.2047464325255863,-0.4892298706985285,2.437104090406921,0.331816302906427,-1.3893937306558997,-0.8514163468024162,2.8745386340130485,0.6149025980733288,-0.15156704588278969,3.060103829567329,-0.10057500059870003,0.06224748040897716,-0.6677336153046785
-3.5734997981413765,-1.443675306091177,-2.1140220169537085,4.041598495511466,1.352201642815367,2.5949798129193016,-0.8898712293395876,2.038695924665121,0.7154731410925739,0.5596753327320996,-0.0238441845797599,-1.2692953473902735,-0.057613769170235946,0.12669820782451202,-0.35880600323217005,-0.2096832254576318
-2.839948289065749,-1.440618453360052,-1.8717081732295957,3.751109330512277,1.1963160871606686,2.74620468459352,-1.0679381358372666,2.140241084012223,0.6194610592617381,0.498573651154448,-0.028594215112484254,-1.1986797227521193,-0.2053923466835573,-0.09701161184942717,-0.0669710622310127,-0.10497291665733102
-2.2571657181072644,-1.3598232977387392,-2.688336595019054,4.387016451195374,1.8475819318412738,3.822913519026348,-0.7115596718905802,2.9156170440535356,1.04747967640208,1.1866501660229003,0.79183532521285,-1.2350224372653333,-1.5270166539156165,0.010322825165229392,-0.22960036456758964,-0.0728331463045691
-1.9936831241278852,0.7365662998368628,-3.7906256756851997,3.100801150408672,1.4533582191496082,1.7586161773080249,0.2582372831175209,1.8738297262313484,-0.1919501088756236,0.2952741868936976,-0.9911539512867432,-1.8296047916290639,0.6812213544932509,0.4323228533219621,-0.4992269009773559,-0.21171990277514824
-1.5903099145909974,0.7194448222949485,-3.792698947137648,3.0751163636217336,1.5097394525458716,1.954091552503079,0.0710326336972507,2.0150406796058875,-0.24284250303721427,0.31635839947541977,-0.96171413430327,-1.8000934150295023,0.5935519827555695,0.3730951803748715,-0.40978182884114567,-0.19416334302689658
-0.6247302853192738,-0.15388571395880699,-3.8177678087859412,2.314167825287613,1.2786862506755388,1.9644828687834084,0.7959397971023979,1.1813376833188707,0.14186587188036795,0.9666280520469965,-0.500853924527819,-1.8281703045793012,1.2111183800135208,0.5017829992016917,-0.714240152756599,-0.2919767662506084
-0.5782372656282116,0.2964724647966978,-4.629769450262776,3.3366970697618683,2.2415109322470745,3.266599283401581,0.7588557729901696,2.653223431763218,0.3807575003592025,1.0916513490617812,-0.26313665233101496,-1.785474375966089,-0.6775902048521617,0.5325328605389318,-0.6337134694001243,-0.08925614157584374
0.8079221538274292,0.39166599026480314,-3.568817865867201,3.011280220484838,1.3163172685435178,4.982310069493045,1.447816557943943,1.9762477421288533,0.1909919298525575,1.919129790696327,0.07961279080466706,-2.154452847763182,-0.33532643764048337,0.46678208210822647,-1.4955113631253423,-0.6114687505251666
-1.5303156650290977,0.5224418953157933,-4.03242669470881,3.1637470866081436,1.7786527615576406,2.6053417787942657,0.2777753565095613,1.7879731359662019,0.7656238920844649,0.03584151675294241,-0.3957218076870558,-1.2703854153425664,0.07081072875665649,-0.8144803042590525,0.4060161510320041,0.30717716907782455
-0.42607409267297663,-0.1708857047571505,-4.02800812611954,2.5409711928077336,1.5555185978916772,2.643864225324757,0.760534717245699,1.0959168323814164,1.0513156894116185,0.6774895244849044,0.11901022675930835,-1.3063802572644183,0.5989083296060761,-0.7322318954132161,0.18757003587142773,0.1980927697717688
-0.6447181590524173,0.40719229992913364,-4.850429012603415,3.649602367653205,2.4940318667168806,3.8473600672019157,0.6920716171169579,2.549628390320429,1.2411156686678537,0.7672302836658226,0.39061375249166985,-1.2601123867101685,-1.259652998926141,-0.725722567259198,0.2530374246461162,0.38606138922442623
1.2171792350766144,0.2845319888167897,-3.7906808520119863,3.145526948804654,1.637247177015118,5.77104737848111,1.4431492269684356,1.8973727821154611,1.1612469035965491,1.6554549694864817,0.6885164455703593,-1.6113545126891975,-0.9731445917039607,-0.7754872158171059,-0.5892740414616321,-0.0991015617558504
-4.323801947445233,-0.017023936584002627,0.1213032483488544,0.6563848442149427,-0.09734732894756654,-0.3804571157877194,-1.6469420311866947,0.4763252755891502,-0.2875566886042446,-0.43340168941122786,1.1570120452572743,0.6086415073694468,-1.0800847526912893,-0.26139350542204143,0.9361332222347795,-0.7278598945256715
-4.0711737032700945,-0.1540414379766493,0.12851599912054582,0.5623807730645688,-0.07225130852661982,-0.29033035643923266,-1.5977228853703744,0.4761074129177878,-0.2568695069240086,-0.40445327046595675,1.127133767048376,0.6334880469683617,-1.0766072796531354,-0.2563300290043074,0.9549378290488818,-0.7041707918326393
-3.836932475164307,0.7783126408449736,-0.8407540384050846,0.3010589158653935,0.19920923257882311,-0.3926429542177496,-0.9704273955189161,0.3556727996489254,-0.5566377399347129,-0.5155436005444409,0.740399031264532,0.5609917792307194,-0.720303864469007,-0.4475119351512372,0.9293610472514101,-0.6945675199067426
-2.863041872033374,2.0646874590178763,-2.2634975039124146,0.2298407640769027,0.5591157139272328,-0.36361727290300155,-0.35334552766936006,0.09210997276136394,-0.06519352780963267,-0.7024361190756434,1.098519697132742,0.9353051112289832,-0.7464158610812355,-1.3609486016943326,1.347502786843958,-0.17101005838187874
-2.061933419006099,1.7490068526212694,-2.955760040176482,0.7210451414581955,1.2539854116316356,0.9132152724750011,0.010613774376621511,0.8993900860421162,0.3402484364780951,0.05918294446885138,1.786195513225112,0.8441588984120681,-2.10558247234079,-1.1633571245113359,1.1909297553646319,-0.10390330976363785
-1.5873786963012806,1.7663405422647824,-2.9209124598936014,0.6418599945513901,1.2318258682482752,0.9510851269038021,-0.06172499280037675,0.941151138452292,0.37703111485111745,0.0373962471548293,1.7543781082859362,0.7741759202241272,-2.1197455038251496,-1.134998143603955,1.3123794589397346,-0.058396508421090204
-2.946588763629631,1.4046374840031763,-1.6724270282743707,0.024569581888681587,0.17386018896829444,-0.8362276206605035,-0.4758205966351428,0.33808012561499334,-1.1952476053026078,-0.47021453933505397,0.21666125669064704,0.07461379257516274,-0.146316102472493,0.1819099092619938,0.48482466706434924,-0.6864140409917926
-3.246493868296037,0.7576006685497727,-0.9305871685858522,0.1587809650965482,0.20129938014852572,-0.2668859847533396,-0.9755831287979821,0.41160128202300783,-0.6079141818033525,-0.7667914491981667,0.6611986443060658,0.3455932948659948,-0.8057802819941681,-0.34549139376305743,1.0205942146843812,-0.7891363484771925
-1.7220567151064332,4.290681353441167,1.121374823794481,1.7785656184445087,-0.35339294810544786,-2.105944378717392,-0.4761941927640581,0.4401991781481109,-1.555802419140164,0.6026185506538522,0.6502139135892141,-1.0751238205484765,0.0763869421011132,-0.2853756393998203,0.2855712491377279,-0.9818318470377392
-2.599740783829272,3.9796828256982506,1.869889039158309,2.1823906211240285,-0.4448582921131929,-1.854818230851776,-1.0762958609079285,0.49894313492660536,-1.1132157574224273,0.2247140082178059,1.1476566639399028,-0.8705803060019949,-0.5377953788202456,-0.7927832623206691,0.8123781046065313,-1.1567824025658635
-3.577632446264594,1.817985146538535,-1.6642208352441523,0.3531614935594668,0.02362054862332719,-1.2209915148033865,-0.6010145280322214,0.3347453050926499,-1.3536027942131186,-0.5606018261963398,0.2738796701367147,-0.029839254170634086,-0.12082358121330036,0.23252910281217593,0.4800769438762558,-0.7861802293107324
-3.0145691335551716,0.6307771516180565,-0.9280352567479733,0.07239034605212236,0.22903204294349805,-0.1753343024141969,-0.9287187614907598,0.4160122137188946,-0.5683186302524331,-0.7344061208395202,0.6343201413834929,0.3641879562103355,-0.8179286607311143,-0.3353285094865474,1.0301846787082591,-0.7728924353460397
-2.6568245883727197,1.248506569999932,-1.6503534896738838,-0.06032781726042139,0.18588228413999194,-0.7538886933403066,-0.42839635603827797,0.3513389434922857,-1.1672494258914259,-0.4309050182342113,0.16905105745579682,0.0713430454888453,-0.16330138297367586,0.2234673206356717,0.5077142916664877,-0.6776465603969282
-2.184939869808497,-0.13152307623188722,-0.4014399471253849,0.6084036003945718,0.3772058352717155,-0.7461626795397729,-1.6093417419386586,-0.043249337777805846,-1.0474527891536973,-0.49760675705726654,1.070517835789903,0.08455780220921844,-1.0837982238291188,0.7901751542860533,0.10821376610846457,-0.6824646516348275
-2.476428799900851,-0.7585024157355155,0.32652325952634575,0.7406546610207586,0.40845280721896843,-0.17772976471462434,-2.1034810884866517,0.025563085106847218,-0.45098067428446476,-0.7968213376041035,1.5257223691179553,0.3668426028588461,-1.7416027076746796,0.25070672956157064,0.6432233018042536,-0.783792641759024
-0.2131530288525184,-1.576597113556239,-0.5733622563028994,0.14177541253584178,0.604986992462255,-0.3601072898959942,-2.337816415263963,-1.3114359254282977,-0.8887450449894142,1.8448201420374102,1.665509552918675,-0.37672060425745213,-0.2979380878625994,0.3621216505969884,0.3313279192734529,-0.9794171364873114
-0.5025552179271466,-2.2041846075037714,0.1547999078700616,0.2742992243241754,0.63561993064703,0.20758851855787255,-2.831318968904399,-1.242539057320855,-0.2925565384103247,1.5459395208959514,2.120244461304185,-0.09478982709511562,-0.9558752122385972,-0.17632082916434563,0.8666124574203831,-1.081274295695712
0.7298113536523466,-1.6045116239254158,0.5964399261489483,0.7174592089775306,-0.852045958660099,-0.5549376012891596,-1.4116320028130582,-0.5363463797038569,-0.5686978039421929,-1.2398987742460044,2.655176917664467,0.7028791425033503,-1.343021116786828,-0.20077811169583035,1.5262152235776831,-0.4654150953702028
0.769032778043209,-1.6167014185497512,0.6002301631494107,0.7232745566070325,-0.8641601304864823,-0.569794344715724,-1.3986038456108056,-0.5348692202932127,-0.5745224200704929,-1.2331450764364584,2.645984297307844,0.6961737285438168,-1.3455922224110408,-0.18049513881182744,1.531096676252336,-0.4761701258552535
0.31780770268077474,-1.5300939614698899,0.873528601190723,-0.19077861479301542,-0.2776893232960666,0.18976453377383212,-1.843325177504939,-0.6421001925196455,-0.3965661781255679,-0.657494170506487,2.2108269343376157,0.3793623741420182,-1.1834733861574855,-0.046314534359981764,0.9347200270445067,-0.6378550932091894
0.9007084516410147,-1.6279351167667886,0.6109712583834062,0.715859347662184,-0.8824188878547932,-0.5804696628739106,-1.3962911454994078,-0.5256069119225683,-0.5747563037509554,-1.2291156952000395,2.6294265745820407,0.6756702634593679,-1.3511715129053612,-0.151499123793892,1.55872300315725,-0.4806391116161894
0.46031140524877884,-1.5406873355856106,0.8850484656110137,-0.20022273830578907,-0.2962689029782081,0.18027655092965086,-1.8430046334054377,-0.6318495299422707,-0.3958014699370432,-0.6541156372845287,2.193661173259409,0.35727864969884554,-1.1893506677990715,-0.016993841583155596,0.9652101669809259,-0.6410248607283966
1.2536563095688353,-1.8182283495492506,0.4243008239264921,0.47467735694679003,-0.7384507073811702,-0.47131486744422696,-2.2623495709841333,-0.7942144009287708,-0.5308450285631614,0.47733440479694456,3.2442915868595095,0.24488373746945397,0.5999850739085099,0.3548425454085303,-0.04394856981085099,-0.23067329989607666
-0.46867322002741635,1.8881213926459797,-1.5810784058233873,-1.0459902426277319,-0.2710761220315237,-0.7981444757516531,-0.44500113044715606,-0.19158965249722393,-1.0649833620818674,-0.437303352962293,0.9755427629843823,0.12320420628149342,0.03404851501135778,-0.203509109963931,0.9763387547749065,-0.8090984301479542
0.16106499328075077,5.2888827158563005,1.9583193956750915,1.3933556729336911,-0.7959954364603004,-0.25121051943910083,0.22114578969691695,0.32951317891987675,-1.5615508734593873,0.6161722318319862,0.42925393771306325,-1.2816457117894744,-0.15408159061608898,-0.35516746503694013,-0.1255340348641772,-1.4053277976478333
-0.590191646435146,1.0639715681573794,-0.7795028214162889,-0.9835656992277642,-0.23387778648212745,-0.14277167797117263,-0.940792950687609,-0.09382169040206122,-0.4788033756305296,-0.7027762731152031,1.3566019514056915,0.3621816923737558,-0.6387195960486961,-0.6818291171961485,1.5325831585614822,-0.8945908871687493
-0.204801108198999,1.7761357853862951,-1.5719085148080925,-1.118845052235699,-0.26133435969581414,-0.7340530064265726,-0.40272398552773014,-0.18408072453758467,-1.0366249728550903,-0.40845672075344186,0.9430707939009847,0.12763180025036916,0.024089459671586787,-0.17721866771729863,1.000602790781135,-0.7994323424962598
-0.522548421328458,1.0526090378583233,-0.7736114212606127,-0.9823015368721126,-0.24747830458459313,-0.15563877407728224,-0.9318030428550961,-0.08987396146867745,-0.4825622476117614,-0.6971949912340895,1.345402143237001,0.3512706285514461,-0.642160627711859,-0.6595699819004679,1.5446585987047452,-0.9028451578052228
3.2133281092403534,-3.516677181452326,0.7129127614494739,-0.5907845416542926,-0.13553144883411947,-0.536103712267404,-2.6684304680223145,-0.8546245796850618,-0.8217512921225169,1.932031889373616,1.166093627847248,0.19462772408153728,-1.6896725919706184,-1.409938995824878,0.8898841574856609,-0.613951456269408
3.25357961337294,-3.536795370909112,0.7133299439010153,-0.6162310320117063,-0.12359041168987862,-0.5076452932220685,-2.6686858268712195,-0.8549483709411645,-0.8117638764727299,1.932546432026991,1.1648638951602632,0.20263488829000798,-1.686145910657193,-1.4217040612010696,0.8947213410149855,-0.6003228479649558
4.089940999477869,-0.9469542547486273,-1.845815588659186,-1.2787153580122124,0.32609839805651414,-1.3574516007436421,-1.4027111133390644,-1.206866050182178,-1.5230802170046684,1.6130159728221751,0.2515554803212958,-0.3995658481028419,-1.294454509042888,-1.1932480086890127,0.2573639052187509,-0.9008196137823062
4.080011896746717,-0.980955868926953,-2.0206887501152138,-1.0215193493728407,0.6438526771040095,-0.6855253699174136,-1.4457913833213827,-1.2987919253099152,-0.6370465570650015,1.3568536347223794,0.8428203020916146,0.09335639579558938,-1.901067131637864,-2.364246839035485,1.16705671115243,-0.43789718798744276
-2.5408011062094915,3.817392299040326,2.6066473818146014,1.9178415473132768,-0.9500632943039871,-2.632731905229369,-0.029609781811756202,0.5230506894569538,-1.152997299145862,1.7711611255530926,0.8230217756637388,-0.6590735614999452,2.23039323280372,0.23819317175375,-0.3864184583188665,-0.1874204158465384
-1.681828529655479,0.03234465981578473,0.027698683833703646,-0.7849836530183576,-0.7779092413882586,-0.9264285155775879,0.3982557166901347,-0.2911321600920959,-0.5004504807135551,1.0942949989814796,0.9449130963952544,0.49958539887196796,2.3961616166209203,0.5112094362204325,-0.18688217151733907,0.14485176911918698
-2.288966106358073,4.749933318085911,1.6386997382578867,1.6539974194081755,-0.6797682771607957,-2.7342421910014396,0.5956396146818618,0.40409829150410076,-1.4516983798784855,1.6595492275606376,0.43488789042022913,-0.7341952197416405,2.586124713096166,0.048662750259608645,-0.40766506567923544,-0.17661560231379306
-1.4299935298040631,0.9648856788613686,-0.9402489597230098,-1.0488277809234572,-0.5076142242450682,-1.0279388013496589,1.0235051131837514,-0.4100845580449483,-0.7991515614461792,0.9826831009890252,0.5567792111517448,0.424463740630273,2.7518930969133666,0.32167901472629096,-0.20812877887770742,0.15565658265193263
-1.385451533459304,0.9638619275610097,-0.9368010491800255,-1.053855106001689,-0.5116949833460227,-1.0278842269669486,1.0204137862840554,-0.4065490161798016,-0.797424038509585,0.9823027267703602,0.5525157656289588,0.41771580621383697,2.7502912221472897,0.327831474482541,-0.19773275557276399,0.15710327469235916
-1.4250103583156062,5.302777442242762,2.7798430317839697,1.7980382365562582,-1.2903920867255003,-0.8846086285216976,0.9402677595862657,0.4161099863067681,-1.748440098278668,1.941609283797402,0.18300357516616986,-1.035737949488831,2.3408898094792043,-0.062170081038090456,-1.028450188236788,-0.5171103432519695
-1.1231244198984442,0.7662416879662115,-0.8628484773451849,-1.1314500203563145,-0.5382848254453789,-1.0156854814209126,1.2205945590303338,-0.49399472307666203,-0.7023699152453134,1.0364739840438297,0.4772815855499044,0.4167116144961099,2.7449453993678814,0.33474565229501746,-0.25319780406660136,0.1931403925965316
-1.7413037411826415,-1.6966909962041559,0.5261989129768068,0.05982832437198155,-1.2348748842755368,-0.7977900022143163,-0.38694955280493437,-0.4867041114136598,-0.01954794963199827,2.206416948321714,2.3425642346770594,0.7399572077975279,3.618837087333905,0.31289907345317386,-0.9358769249607928,0.5917313899858566
-2.264287381183423,-1.7190769751486263,1.200232085407159,-0.6511078699775403,-0.8737441021927254,-0.1419335110018666,-0.056117276056387465,-0.24297926508140494,-0.05889048623403858,1.1137848092381641,1.108504807682387,0.6363514997985705,1.818884887144031,0.1793313733762136,0.18878389657262173,0.17703103951627988
1.321706229450647,0.6682904906045704,-0.7247936313022018,-2.2176502229837225,-0.7410616033682175,-1.2698418714499686,2.670347287149445,1.3802476540266417,-0.22089764189359706,1.9405800556621358,0.40163110198026203,1.4235331176758441,1.4151859785543488,0.650946635366464,-0.08925816115137686,0.315376782948016
-0.2954618089370393,5.569625290202973,2.4943712214558795,1.330080691356653,-1.1559316131290034,-0.7969723431087677,1.0833443035602022,0.46719566897431547,-1.6044955647648453,1.663043776825179,0.030463898447441424,-1.2163646921901416,2.093332722101032,0.08665642242648207,-0.8297571572287747,-0.7069330433673621
-0.31849082173391324,1.1841841060854121,-1.4071267344726748,-1.2921216557511723,-0.1402101876112362,-0.3661655042136961,1.231917898368495,-0.5248323238038893,0.25907139457896367,0.4012411345151565,0.9854090412258443,0.7193712847015163,1.942432744803279,-0.7109076137970246,0.8467506152360106,0.44906756930548414
2.681107384365861,1.1738602588907592,-2.4216846176439657,-1.449492769211639,0.5817431835303642,-4.139873577278353e-05,0.8429958581245484,-1.5571229772124393,-0.6180971787403152,-1.8723313100040826,0.9901397983572934,-0.6536383866038524,-0.16315364878671196,1.0477529263062015,-1.2547931564543875,-1.4383217514152828
2.7707854377036996,1.0922279122845324,-2.5154758231555703,-1.1181827896592704,0.8161278555209872,0.6616614355723599,0.7921428490682813,-1.6525118812183064,0.2779560895239169,-2.0560073263132033,1.6996918420746505,-0.009303314300663676,-0.6275440751968798,-0.2209795322066155,-0.3436325527338163,-0.8572886219281082
2.7613900286402293,1.1708077393817304,-2.411408519821077,-1.4191409157776032,0.5433603244349245,-0.055288200419254085,0.8633497651239432,-1.5501884305612763,-0.6366851400195493,-1.8610645385302915,0.9700039105305499,-0.6812858405576199,-0.17311253084962422,1.1030319471799694,-1.2392196440830678,-1.4697742418290571
2.8448599061833333,1.088137674792604,-2.505601424494611,-1.0860592284006558,0.7774227488786484,0.6048484515630311,0.8145745999085255,-1.6462411921013018,0.2583592100769777,-2.043946289373639,1.6795814934815452,-0.03609009526540481,-0.6374010510522434,-0.16500357010246036,-0.32995481455591436,-0.8902005976836986
3.9765985431248305,1.2291485540502232,-1.3351437517106262,-1.70875842222273,-0.09402812924283442,2.027217011889366,1.380298230695756,-1.5850449149701198,-0.9585120517418643,-1.4070110001316358,0.6117362782729684,-0.8917103072813123,-0.3962630407645546,0.8828255247523065,-1.914578594508859,-1.7769849566969098
4.062775427910482,1.1466385704864257,-1.4291419640875855,-1.3761839634877626,0.13995408962243303,2.687650497700154,1.3310250264773646,-1.6808505879584619,-0.06321805367808966,-1.590055462978598,1.3211618516358625,-0.2469096268287788,-0.8606260587539907,-0.38512882309040286,-1.0045978117238297,-1.19708650799112
3.14031593980088,1.071034930006902,-2.1779760711532874,-1.5355036287986266,0.551590367172507,0.019727781624566672,0.8482476654105254,-1.4802380022913872,-0.6126721990397298,-1.8297896652546408,0.9910522165915848,-0.5935906314758775,0.0011535800396618265,1.229179230107973,-1.0524662609145403,-1.3957509357236226
4.29622898755108,1.2402787117221405,-1.0687251283780148,-1.6038834676868732,-0.14753281620979586,1.9886790310190015,1.405173420597807,-1.5854446400487763,-0.9237219929362732,-1.5206107594296887,0.6713673348461956,-0.8780148965728248,-0.20189892491698838,1.04558321503548,-1.7683527581088387,-1.7178106758088467
5.461801956386125,-0.8637935678110448,-2.7786790110409614,-1.6001702574813714,0.7081444167398862,-1.051863353366153,-0.13751661968855297,-0.16990751735694995,-0.27333383439637104,-0.9533607912471387,-1.4100297887704694,-0.9505717499039401,-0.37765925069667156,-0.7569637135017612,-2.3173287255323194,-0.6171651684230678
4.568775744577778,4.218702792814816,1.8166767940061759,0.39176142873814757,-0.64207137908006,-0.9654858041653573,1.1349341270109292,-0.42056603934811826,-1.8507910448688534,0.1379540861676574,-0.6811294328914557,-1.7487813012262698,-1.5489239288894405,-0.3906646590657968,-2.2949048104315746,-1.7579105366827448
4.1518309561595625,1.437747575615594,-1.0182993312698059,-1.5041101546211175,-0.038196517245904844,1.8182759159611348,1.4309593393537803,-1.553389571792658,-0.8000420607552855,-1.497766996207536,0.6492535591882972,-0.8840138673623122,-0.164696513296062,1.2752997597537679,-1.6620930537511036,-1.736186658736224
